date,soil_moisture
2020-01-01,0.2661054251686143
2020-01-02,0.2676085431297535
2020-01-03,0.2684577435154301
2020-01-04,0.2681213841515498
2020-01-05,0.2676821183032411
2020-01-06,0.2681367145836519
2020-01-07,0.2720053888830356
2020-01-08,0.2754483309236832
2020-01-09,0.2769324876437584
2020-01-10,0.2758775261713461
2020-01-11,0.2753631108095867
2020-01-12,0.2751233074065646
2020-01-13,0.2766735166012655
2020-01-14,0.2787015599145286
2020-01-15,0.2780829296501047
2020-01-16,0.2789285206738556
2020-01-17,0.2830052601807681
2020-01-18,0.2825129425601942
2020-01-19,0.2817621352556839
2020-01-20,0.2809582222518082
2020-01-21,0.2809856194921253
2020-01-22,0.2803883754584452
2020-01-23,0.2795072611003406
2020-01-24,0.2787519810804892
2020-01-25,0.2782121895658501
2020-01-26,0.2777266289520592
2020-01-27,0.2774145246420278
2020-01-28,0.282097159730296
2020-01-29,0.2883034567235696
2020-01-30,0.2873072634719648
2020-01-31,0.2860429470410865
2020-02-01,0.2852717169449821
2020-02-02,0.2845164184135528
2020-02-03,0.2836772418347406
2020-02-04,0.2829814416151968
2020-02-05,0.2822494926439121
2020-02-06,0.2815565632866602
2020-02-07,0.2810642350919852
2020-02-08,0.2803777983597275
2020-02-09,0.2794881325655781
2020-02-10,0.2786986323388105
2020-02-11,0.2779879749526371
2020-02-12,0.2772812133297218
2020-02-13,0.2766192539213213
2020-02-14,0.2757057019278194
2020-02-15,0.2748442993581217
2020-02-16,0.2740915393342034
2020-02-17,0.2731929860524322
2020-02-18,0.2721735856182802
2020-02-19,0.2715037568553545
2020-02-20,0.271352300114876
2020-02-21,0.279696079165004
2020-02-22,0.2796291003762672
2020-02-23,0.2788303426032187
2020-02-24,0.2786694014588916
2020-02-25,0.278332695956882
2020-02-26,0.2779297633863779
2020-02-27,0.2771237051573867
2020-02-28,0.2764751290890787
2020-02-29,0.2777778602449055
2020-03-01,0.2788691756396201
2020-03-02,0.2776508691689678
2020-03-03,0.2763237345591748
2020-03-04,0.2753741025674857
2020-03-05,0.2761977749297094
2020-03-06,0.2820833827418771
2020-03-07,0.2878961701813867
2020-03-08,0.2856147050892297
2020-03-09,0.2836704169545762
2020-03-10,0.2821800039907454
2020-03-11,0.2831906731160255
2020-03-12,0.2864662223387541
2020-03-13,0.291531545848586
2020-03-14,0.2926200436784983
2020-03-15,0.2931109320748453
2020-03-16,0.2911290050184654
2020-03-17,0.2894354731979686
2020-03-18,0.2881093276042719
2020-03-19,0.2872626588029412
2020-03-20,0.2863494279265183
2020-03-21,0.2857345852361711
2020-03-22,0.2855072684846347
2020-03-23,0.284159437187812
2020-03-24,0.283470298867397
2020-03-25,0.2832743751918811
2020-03-26,0.2821697460597919
2020-03-27,0.2859616752622638
2020-03-28,0.2856555481869692
2020-03-29,0.283579802065111
2020-03-30,0.2819309751834879
2020-03-31,0.2807383377380444
2020-04-01,0.2800347764329759
2020-04-02,0.2784555416390639
2020-04-03,0.2769180493834368
2020-04-04,0.2754091236814473
2020-04-05,0.2740000745387537
2020-04-06,0.2725740599426542
2020-04-07,0.2711047288964522
2020-04-08,0.2700689176850223
2020-04-09,0.2690392051210441
2020-04-10,0.2682039956077278
2020-04-11,0.2674183252907991
2020-04-12,0.2662530186256434
2020-04-13,0.2652796474016891
2020-04-14,0.2663872796111
2020-04-15,0.2670052897682444
2020-04-16,0.265718957435379
2020-04-17,0.2653594384619026
2020-04-18,0.2660078248839471
2020-04-19,0.2650920014232126
2020-04-20,0.2641605367419766
2020-04-21,0.2639116840858475
2020-04-22,0.2631854516246955
2020-04-23,0.2623683999207076
2020-04-24,0.2615661843233988
2020-04-25,0.261555438575813
2020-04-26,0.2647051334572713
2020-04-27,0.2685184867978185
2020-04-28,0.2684606571628129
2020-04-29,0.2678998180382215
2020-04-30,0.2697979260539414
2020-05-01,0.2713701608395329
2020-05-02,0.2712013858259705
2020-05-03,0.2737847453230345
2020-05-04,0.27593536908659
2020-05-05,0.275091272819588
2020-05-06,0.2750725291114719
2020-05-07,0.276175848226693
2020-05-08,0.2739801454439091
2020-05-09,0.2732682290451463
2020-05-10,0.2757021517091136
2020-05-11,0.2785195969439146
2020-05-12,0.2772292671641636
2020-05-13,0.2760826517950874
2020-05-14,0.2749166424535215
2020-05-15,0.2729459907423335
2020-05-16,0.2704252009917447
2020-05-17,0.2681130925915699
2020-05-18,0.2659097595323506
2020-05-19,0.2638350023196804
2020-05-20,0.261823722987335
2020-05-21,0.260090083757504
2020-05-22,0.2584130890342622
2020-05-23,0.256876045352728
2020-05-24,0.2556846816127838
2020-05-25,0.25437242949859
2020-05-26,0.2534670465198884
2020-05-27,0.2534779480042498
2020-05-28,0.2542411085462205
2020-05-29,0.2557591627945566
2020-05-30,0.2564744968679498
2020-05-31,0.2587056840889996
2020-06-01,0.2618102953416924
2020-06-02,0.2604985780933009
2020-06-03,0.2589376016549959
2020-06-04,0.2605363734509253
2020-06-05,0.2652289337248726
2020-06-06,0.264922482903171
2020-06-07,0.2636904539744891
2020-06-08,0.2621873129530295
2020-06-09,0.2607616003115518
2020-06-10,0.2599858959401492
2020-06-11,0.2591830017763009
2020-06-12,0.2582898133712589
2020-06-13,0.2581906135937104
2020-06-14,0.2588257245250082
2020-06-15,0.2573529305218529
2020-06-16,0.2558978942223887
2020-06-17,0.2549489698232317
2020-06-18,0.253927008369677
2020-06-19,0.2524826502465159
2020-06-20,0.2518585317373986
2020-06-21,0.2526054190418817
2020-06-22,0.2516041766892276
2020-06-23,0.2539975273300649
2020-06-24,0.2588965220347508
2020-06-25,0.2604116413735786
2020-06-26,0.2592223290045822
2020-06-27,0.2576472682350695
2020-06-28,0.2570107878903971
2020-06-29,0.2596087148592058
2020-06-30,0.2596230943130768
2020-07-01,0.2591325230225347
2020-07-02,0.2627295092606456
2020-07-03,0.2657500007564927
2020-07-04,0.2763904831915104
2020-07-05,0.2880563791876973
2020-07-06,0.2892868098373725
2020-07-07,0.2961262504948122
2020-07-08,0.3064641064962285
2020-07-09,0.3064506326558898
2020-07-10,0.306928083855862
2020-07-11,0.3087692752667857
2020-07-12,0.3097014002230757
2020-07-13,0.3081185714775567
2020-07-14,0.3045129058605699
2020-07-15,0.303012675719789
2020-07-16,0.3024894009750837
2020-07-17,0.3035896397995637
2020-07-18,0.3064409558796217
2020-07-19,0.3080232822625168
2020-07-20,0.3070954998713646
2020-07-21,0.3105916555014138
2020-07-22,0.3118303210066722
2020-07-23,0.310082086853685
2020-07-24,0.3088956430187576
2020-07-25,0.3087688355128396
2020-07-26,0.3086214363635745
2020-07-27,0.3093811277375265
2020-07-28,0.3127522313364801
2020-07-29,0.3172446387426747
2020-07-30,0.3175673760816202
2020-07-31,0.3215650444420068
2020-08-01,0.3215607874542636
2020-08-02,0.3195012248498955
2020-08-03,0.3170581714501262
2020-08-04,0.315769464788588
2020-08-05,0.3150139697893006
2020-08-06,0.3165054306532542
2020-08-07,0.3194299349882091
2020-08-08,0.3197805724593007
2020-08-09,0.3250530281133069
2020-08-10,0.328312898364122
2020-08-11,0.3267852301205272
2020-08-12,0.3269897418240604
2020-08-13,0.3322333320789027
2020-08-14,0.3334483211374205
2020-08-15,0.3306098526571878
2020-08-16,0.3286514033383009
2020-08-17,0.3268224628720153
2020-08-18,0.3293026722314385
2020-08-19,0.3390082180705156
2020-08-20,0.3434502351385428
2020-08-21,0.3403093402170595
2020-08-22,0.3378596348794619
2020-08-23,0.3350702073753686
2020-08-24,0.3351274809855213
2020-08-25,0.3373939153061914
2020-08-26,0.3382346105752883
2020-08-27,0.3375575768369332
2020-08-28,0.3376366644822295
2020-08-29,0.3355709478581254
2020-08-30,0.332608777503414
2020-08-31,0.3290444635986034
2020-09-01,0.3260157946407541
2020-09-02,0.3245288156695873
2020-09-03,0.3238788527082436
2020-09-04,0.3214085807964513
2020-09-05,0.3206091497222764
2020-09-06,0.3199928630405108
2020-09-07,0.3178226759294132
2020-09-08,0.3149051642931248
2020-09-09,0.3120222552280645
2020-09-10,0.3094420775814241
2020-09-11,0.306816128029108
2020-09-12,0.3043202733863147
2020-09-13,0.3023592436095937
2020-09-14,0.3008401044619727
2020-09-15,0.2991468290124993
2020-09-16,0.297501132481749
2020-09-17,0.2953979639228127
2020-09-18,0.2933858961609804
2020-09-19,0.2914356429686968
2020-09-20,0.2889423215266568
2020-09-21,0.2867283680045618
2020-09-22,0.2858740969025283
2020-09-23,0.286249036265093
2020-09-24,0.2857852458105173
2020-09-25,0.2836719774477836
2020-09-26,0.2817316602408538
2020-09-27,0.2798633032554848
2020-09-28,0.2776141774620901
2020-09-29,0.2754771320787649
2020-09-30,0.2733732792514103
2020-10-01,0.2714984513371958
2020-10-02,0.269787095904416
2020-10-03,0.2682521433040984
2020-10-04,0.266563796934305
2020-10-05,0.2646503802752863
2020-10-06,0.26318341240172
2020-10-07,0.2617694782794565
2020-10-08,0.2602861857781747
2020-10-09,0.2585642113091886
2020-10-10,0.2568267916462665
2020-10-11,0.255230395646171
2020-10-12,0.2536853570216559
2020-10-13,0.2524824413109529
2020-10-14,0.2511837796542011
2020-10-15,0.2497028635685108
2020-10-16,0.2481430509081861
2020-10-17,0.2467498430389681
2020-10-18,0.2452658269668423
2020-10-19,0.2440815817289728
2020-10-20,0.243047601066136
2020-10-21,0.242012466030496
2020-10-22,0.2411549157011961
2020-10-23,0.2402163527356288
2020-10-24,0.2391658530706396
2020-10-25,0.2382349711733883
2020-10-26,0.237261369445274
2020-10-27,0.2361426735298724
2020-10-28,0.2353202532293316
2020-10-29,0.2342890800622924
2020-10-30,0.2333874932408264
2020-10-31,0.2323717532340417
2020-11-01,0.2317185681482723
2020-11-02,0.2312047116958257
2020-11-03,0.2304901966052153
2020-11-04,0.2298601675918004
2020-11-05,0.2290206793277776
2020-11-06,0.2281601138881274
2020-11-07,0.2273786247758262
2020-11-08,0.2268958450243224
2020-11-09,0.2264805090320538
2020-11-10,0.2258573374330742
2020-11-11,0.2251512034852353
2020-11-12,0.2245464868142442
2020-11-13,0.2238450464694955
2020-11-14,0.2231521466856993
2020-11-15,0.2230136908838882
2020-11-16,0.2247557748651409
2020-11-17,0.2244753526229737
2020-11-18,0.2237069471067803
2020-11-19,0.2229551743584059
2020-11-20,0.2224710057608886
2020-11-21,0.221871821467526
2020-11-22,0.2213200644240343
2020-11-23,0.2209891329631719
2020-11-24,0.2206425492146779
2020-11-25,0.220642151995688
2020-11-26,0.2211144686668882
2020-11-27,0.2205909097722642
2020-11-28,0.2199976104000624
2020-11-29,0.2195171405182531
2020-11-30,0.2190552798122391
2020-12-01,0.2185443490910599
2020-12-02,0.2181102318423466
2020-12-03,0.217897774123698
2020-12-04,0.2175783913234306
2020-12-05,0.2171889542187949
2020-12-06,0.21688070178394
2020-12-07,0.2164794911993629
2020-12-08,0.2161113014156316
2020-12-09,0.2158161760645628
2020-12-10,0.2154573473315945
2020-12-11,0.2151078012069604
2020-12-12,0.2171769778343858
2020-12-13,0.2170732325479326
2020-12-14,0.2166753361025239
2020-12-15,0.2162189008938705
2020-12-16,0.2158278021036965
2020-12-17,0.2155914000531812
2020-12-18,0.2151791877657886
2020-12-19,0.2150809262946606
2020-12-20,0.2147727469297987
2020-12-21,0.214382843623043
2020-12-22,0.2141870210306493
2020-12-23,0.2137939139852826
2020-12-24,0.2134094832464107
2020-12-25,0.2132594153337442
2020-12-26,0.2128929344431104
2020-12-27,0.2127413847499328
2020-12-28,0.2130574771383596
2020-12-29,0.2127249903065905
2020-12-30,0.2125440313958925
2020-12-31,0.2122381889470765
2021-01-01,0.2119801829703347
2021-01-02,0.211792370264591
2021-01-03,0.2154853811935513
2021-01-04,0.2218830138502256
2021-01-05,0.2242865449765496
2021-01-06,0.2281312509074276
2021-01-07,0.2278936559434184
2021-01-08,0.2269143533309264
2021-01-09,0.2262743687488242
2021-01-10,0.2263920474910286
2021-01-11,0.2260291307365322
2021-01-12,0.2256615855941496
2021-01-13,0.225368153173342
2021-01-14,0.2251493797842183
2021-01-15,0.2254159737768523
2021-01-16,0.2251574867752004
2021-01-17,0.2246994705932228
2021-01-18,0.2244282511408636
2021-01-19,0.22398549330711
2021-01-20,0.2235430447690951
2021-01-21,0.2230972611148189
2021-01-22,0.2227420981892352
2021-01-23,0.2223884841326678
2021-01-24,0.2220499962131559
2021-01-25,0.2217060247211846
2021-01-26,0.2211951113962127
2021-01-27,0.2207573709848755
2021-01-28,0.2202528967183619
2021-01-29,0.2196993692250019
2021-01-30,0.2192742359694686
2021-01-31,0.2189044249934981
2021-02-01,0.2184745626646905
2021-02-02,0.2180403373817776
2021-02-03,0.2178543385168375
2021-02-04,0.2194772687612476
2021-02-05,0.2215207639940077
2021-02-06,0.2209026575490123
2021-02-07,0.2202788394341339
2021-02-08,0.2198867543429454
2021-02-09,0.2194277001357954
2021-02-10,0.21914937862425
2021-02-11,0.2188191351189191
2021-02-12,0.2183839430226327
2021-02-13,0.2179223572721963
2021-02-14,0.2176708626930653
2021-02-15,0.2174386464428575
2021-02-16,0.2170352512320942
2021-02-17,0.2165280366571602
2021-02-18,0.2161639976104302
2021-02-19,0.2158640554463269
2021-02-20,0.2154742927286001
2021-02-21,0.2151820870640736
2021-02-22,0.2147452109829248
2021-02-23,0.2142619805955387
2021-02-24,0.2136498524175378
2021-02-25,0.2129545822876067
2021-02-26,0.212603921442085
2021-02-27,0.2143469710863006
2021-02-28,0.2139626934614925
2021-03-01,0.2132512012251656
2021-03-02,0.2124403628050973
2021-03-03,0.2116861366085332
2021-03-04,0.2110101399102294
2021-03-05,0.2102927577705438
2021-03-06,0.2096335079561245
2021-03-07,0.2104214352237688
2021-03-08,0.211968703140841
2021-03-09,0.2115163011617769
2021-03-10,0.2111916479724208
2021-03-11,0.2107962123260866
2021-03-12,0.2103747475242176
2021-03-13,0.2101698721078833
2021-03-14,0.2095000491831342
2021-03-15,0.2087633742275963
2021-03-16,0.2081031477327472
2021-03-17,0.2074320024663397
2021-03-18,0.2069317483739712
2021-03-19,0.2062899196442139
2021-03-20,0.2057678645209943
2021-03-21,0.2054858391084591
2021-03-22,0.2058713965298609
2021-03-23,0.2065345132842319
2021-03-24,0.2063082366927751
2021-03-25,0.2056794077400014
2021-03-26,0.2048969687667993
2021-03-27,0.2043093906781082
2021-03-28,0.2038332666939197
2021-03-29,0.2035460936619696
2021-03-30,0.2029742276642378
2021-03-31,0.2022159904621035
2021-04-01,0.201301827070443
2021-04-02,0.2004949073915781
2021-04-03,0.1998096311556741
2021-04-04,0.1992322040339876
2021-04-05,0.1989704192183855
2021-04-06,0.1993011920083202
2021-04-07,0.2013230312628706
2021-04-08,0.2009687160165051
2021-04-09,0.2001809845979552
2021-04-10,0.1994273071791157
2021-04-11,0.1987175347930988
2021-04-12,0.1982257590958591
2021-04-13,0.1977649985030945
2021-04-14,0.1972841279498707
2021-04-15,0.1970155788588914
2021-04-16,0.1970298995285172
2021-04-17,0.1992697455755773
2021-04-18,0.1996331854396175
2021-04-19,0.1989610553102797
2021-04-20,0.1991003323220369
2021-04-21,0.2041757619093144
2021-04-22,0.2084483984469304
2021-04-23,0.2121659310449387
2021-04-24,0.214676448737443
2021-04-25,0.2140022162636029
2021-04-26,0.2129997450656192
2021-04-27,0.2123019602355803
2021-04-28,0.212004695177869
2021-04-29,0.212244621103468
2021-04-30,0.2127904228240917
2021-05-01,0.2137582787179864
2021-05-02,0.2153838429792703
2021-05-03,0.2181753827820681
2021-05-04,0.2205592977858922
2021-05-05,0.2230595562252971
2021-05-06,0.2258858651648786
2021-05-07,0.2284386564182113
2021-05-08,0.2282994021465595
2021-05-09,0.2289763326344577
2021-05-10,0.2301314094630281
2021-05-11,0.2310657840382027
2021-05-12,0.2341882796535769
2021-05-13,0.237216078150759
2021-05-14,0.2355889322154093
2021-05-15,0.233784047479674
2021-05-16,0.2321969941250193
2021-05-17,0.2310363248889831
2021-05-18,0.2323699417551946
2021-05-19,0.2431484593415565
2021-05-20,0.2614231546187432
2021-05-21,0.267223578317481
2021-05-22,0.2651357066453582
2021-05-23,0.2630422262244799
2021-05-24,0.2605112351754085
2021-05-25,0.2579132244882228
2021-05-26,0.2556140925559394
2021-05-27,0.2535650527788657
2021-05-28,0.2531124503037739
2021-05-29,0.2538933071104777
2021-05-30,0.2559754233736547
2021-05-31,0.2570248647870678
2021-06-01,0.2626754992635901
2021-06-02,0.261687034148496
2021-06-03,0.2592787886898523
2021-06-04,0.2568771327416635
2021-06-05,0.2555035338468891
2021-06-06,0.2542488046194827
2021-06-07,0.2537201036364107
2021-06-08,0.2520049533421054
2021-06-09,0.2527969115655783
2021-06-10,0.2653191684271568
2021-06-11,0.2665652683504712
2021-06-12,0.274047112411135
2021-06-13,0.2731065951413565
2021-06-14,0.272339737700812
2021-06-15,0.274251764273677
2021-06-16,0.2745816682341457
2021-06-17,0.2751752023230768
2021-06-18,0.2845821795243262
2021-06-19,0.2949699056016284
2021-06-20,0.29847590238433
2021-06-21,0.295528022969188
2021-06-22,0.2924139881746961
2021-06-23,0.2900913487391994
2021-06-24,0.2886603016776585
2021-06-25,0.2872204785201946
2021-06-26,0.2860396950476662
2021-06-27,0.2836203209945736
2021-06-28,0.2815671124501089
2021-06-29,0.2794620288228564
2021-06-30,0.2769647631983397
2021-07-01,0.2747971326591036
2021-07-02,0.2737330906680476
2021-07-03,0.2742174000032155
2021-07-04,0.2722620860770585
2021-07-05,0.2709260892573034
2021-07-06,0.2691116302436767
2021-07-07,0.2674724125793901
2021-07-08,0.26725898691868
2021-07-09,0.2678291128569343
2021-07-10,0.2687532324757994
2021-07-11,0.2764053210629909
2021-07-12,0.2812516156527531
2021-07-13,0.2827189985061693
2021-07-14,0.2877718243626943
2021-07-15,0.2882701049748777
2021-07-16,0.2863930298078815
2021-07-17,0.2862049191405885
2021-07-18,0.2976012151765953
2021-07-19,0.3176537003544571
2021-07-20,0.3220314760255641
2021-07-21,0.3212769203094129
2021-07-22,0.3237343267218363
2021-07-23,0.3226835875936016
2021-07-24,0.3228788461298482
2021-07-25,0.3262096164315458
2021-07-26,0.331792059061241
2021-07-27,0.3319468609359303
2021-07-28,0.3447893362552957
2021-07-29,0.3496120698144655
2021-07-30,0.3514575065473417
2021-07-31,0.3478410972995034
2021-08-01,0.3470920717283649
2021-08-02,0.3471423376866414
2021-08-03,0.3448738641924608
2021-08-04,0.3425041125511936
2021-08-05,0.3412360295795262
2021-08-06,0.3383591788461458
2021-08-07,0.3366434287271308
2021-08-08,0.3384656993361964
2021-08-09,0.3413273180910984
2021-08-10,0.3402415306064809
2021-08-11,0.3360375099182905
2021-08-12,0.3336962781502907
2021-08-13,0.3330886672585077
2021-08-14,0.3311016772843089
2021-08-15,0.3281784623177208
2021-08-16,0.3252725224999707
2021-08-17,0.3222606984678687
2021-08-18,0.3208926892597424
2021-08-19,0.3275124317476106
2021-08-20,0.3433228974476606
2021-08-21,0.3525770544647899
2021-08-22,0.3467127640563534
2021-08-23,0.3444749907290295
2021-08-24,0.3458516754078037
2021-08-25,0.3451230858278273
2021-08-26,0.3421156876007779
2021-08-27,0.3407495209152387
2021-08-28,0.3426557189745228
2021-08-29,0.3411718053346689
2021-08-30,0.3401538664935545
2021-08-31,0.3394698091578653
2021-09-01,0.341898152035009
2021-09-02,0.3428909579318974
2021-09-03,0.3421412858059873
2021-09-04,0.3416973783131782
2021-09-05,0.3390002071401647
2021-09-06,0.3382275028207256
2021-09-07,0.3398283701174716
2021-09-08,0.3404447115392692
2021-09-09,0.3420539428654829
2021-09-10,0.3437228870365284
2021-09-11,0.346021572207225
2021-09-12,0.3486336024611058
2021-09-13,0.3474076717562727
2021-09-14,0.3460817915382028
2021-09-15,0.3424253977856388
2021-09-16,0.3415267893253541
2021-09-17,0.3403853717359751
2021-09-18,0.3369146637452736
2021-09-19,0.3345526157033245
2021-09-20,0.3338763448167148
2021-09-21,0.3333983949607671
2021-09-22,0.3348782178626762
2021-09-23,0.3390837891939126
2021-09-24,0.3381971370524079
2021-09-25,0.3354258139036373
2021-09-26,0.3325742561893073
2021-09-27,0.329911059923236
2021-09-28,0.3281684139951873
2021-09-29,0.3264857567201203
2021-09-30,0.3254146470786424
2021-10-01,0.3245016376153408
2021-10-02,0.3232198075137429
2021-10-03,0.3210299169450762
2021-10-04,0.3187450537402407
2021-10-05,0.3170704298882498
2021-10-06,0.3147845230334851
2021-10-07,0.3125250446889469
2021-10-08,0.3103452156251742
2021-10-09,0.3080274162733283
2021-10-10,0.3056665497450049
2021-10-11,0.303308687480902
2021-10-12,0.3010208833121789
2021-10-13,0.2987839893825167
2021-10-14,0.2965623701326854
2021-10-15,0.2944271395909876
2021-10-16,0.2924394464761427
2021-10-17,0.3016581029806894
2021-10-18,0.3382008547646586
2021-10-19,0.3497354252235583
2021-10-20,0.3453725926423882
2021-10-21,0.341649220239742
2021-10-22,0.3389227109994457
2021-10-23,0.3364426030199614
2021-10-24,0.3359826081029204
2021-10-25,0.33663650441302
2021-10-26,0.333896714460207
2021-10-27,0.3317833327516329
2021-10-28,0.3296402801678049
2021-10-29,0.3277804910227517
2021-10-30,0.3258777904055124
2021-10-31,0.324106555424911
2021-11-01,0.3226021156113942
2021-11-02,0.3209860916919919
2021-11-03,0.3194016632951172
2021-11-04,0.3177637832960319
2021-11-05,0.3161280162350581
2021-11-06,0.3147126540501946
2021-11-07,0.3131465306973052
2021-11-08,0.3117592468169854
2021-11-09,0.3104870440011071
2021-11-10,0.3090795102810135
2021-11-11,0.3078039160795515
2021-11-12,0.3063942096451369
2021-11-13,0.3049731729976057
2021-11-14,0.3038867008738675
2021-11-15,0.3026219491411844
2021-11-16,0.3014533880680914
2021-11-17,0.3003062712844854
2021-11-18,0.2989110003110612
2021-11-19,0.2977079022288793
2021-11-20,0.2965223714143928
2021-11-21,0.2952671153049448
2021-11-22,0.294079419224304
2021-11-23,0.2928852430833442
2021-11-24,0.2919904134611815
2021-11-25,0.2912027687381229
2021-11-26,0.2903208312821764
2021-11-27,0.2894392734052098
2021-11-28,0.2884165657049927
2021-11-29,0.2873299529160696
2021-11-30,0.2864287016876513
2021-12-01,0.2857850006866512
2021-12-02,0.2858538341994168
2021-12-03,0.2863944749880727
2021-12-04,0.2854845788881319
2021-12-05,0.2847812389390246
2021-12-06,0.2849767391405221
2021-12-07,0.284178941801624
2021-12-08,0.2832472466453338
2021-12-09,0.2823832224904329
2021-12-10,0.2815659817267452
2021-12-11,0.2806977627445581
2021-12-12,0.2799197085068535
2021-12-13,0.2793355995163283
2021-12-14,0.2786666357296711
2021-12-15,0.2779199764624137
2021-12-16,0.2771981036217768
2021-12-17,0.2765398709212294
2021-12-18,0.2759564593595903
2021-12-19,0.2752247062654261
2021-12-20,0.2744841097516352
2021-12-21,0.2738616401894311
2021-12-22,0.2732142568203168
2021-12-23,0.2725894366538433
2021-12-24,0.272060812111496
2021-12-25,0.271429776947356
2021-12-26,0.2709550723652023
2021-12-27,0.2705503010385035
2021-12-28,0.2701656797851791
2021-12-29,0.2701742320701891
2021-12-30,0.2697464063266526
2021-12-31,0.2690608289563558
2022-01-01,0.2684399166388987
2022-01-02,0.2678003842288407
2022-01-03,0.2671303986072659
2022-01-04,0.2673343163980091
2022-01-05,0.2743646441857595
2022-01-06,0.2810065353390735
2022-01-07,0.2794550838780198
2022-01-08,0.2866061154926589
2022-01-09,0.2930721987910147
2022-01-10,0.2953314871543086
2022-01-11,0.2950046680583118
2022-01-12,0.294496583606804
2022-01-13,0.2938908636304194
2022-01-14,0.2931528861473251
2022-01-15,0.2924864411365649
2022-01-16,0.2920168878981363
2022-01-17,0.2917611076066871
2022-01-18,0.2915441500973832
2022-01-19,0.2911487713443601
2022-01-20,0.2914900505156619
2022-01-21,0.2910311073755376
2022-01-22,0.2915489833902489
2022-01-23,0.2936343214428995
2022-01-24,0.2941611957008172
2022-01-25,0.2936193754833246
2022-01-26,0.2933774924717317
2022-01-27,0.2927702589318499
2022-01-28,0.2920901698297294
2022-01-29,0.2915433313428427
2022-01-30,0.2908495846881882
2022-01-31,0.290234823781072
2022-02-01,0.2896269286864128
2022-02-02,0.2891501962973089
2022-02-03,0.2937657976193943
2022-02-04,0.2985587357206477
2022-02-05,0.2975757575963916
2022-02-06,0.2968164718083008
2022-02-07,0.2961563577613451
2022-02-08,0.2954098491199776
2022-02-09,0.2965501490534647
2022-02-10,0.295991318205561
2022-02-11,0.2948094882160205
2022-02-12,0.2937522712938729
2022-02-13,0.292879892122854
2022-02-14,0.2921041341704621
2022-02-15,0.2914095196342932
2022-02-16,0.2905770460962045
2022-02-17,0.2894633130918552
2022-02-18,0.2883248915722143
2022-02-19,0.2871846264621491
2022-02-20,0.2862453439391705
2022-02-21,0.2852909630804357
2022-02-22,0.284508489147769
2022-02-23,0.2854789616681798
2022-02-24,0.2853349053818637
2022-02-25,0.28489053339151
2022-02-26,0.2881833966752073
2022-02-27,0.2879146376077475
2022-02-28,0.2863518185041397
2022-03-01,0.2851671544306663
2022-03-02,0.2839849981366924
2022-03-03,0.2829529526920788
2022-03-04,0.2820545937424917
2022-03-05,0.2808104391463288
2022-03-06,0.2800500964963889
2022-03-07,0.279556191238037
2022-03-08,0.2785368506234829
2022-03-09,0.2771604351846637
2022-03-10,0.2760404861859701
2022-03-11,0.2748951972556098
2022-03-12,0.273644659385119
2022-03-13,0.2726576251803126
2022-03-14,0.2719105181454196
2022-03-15,0.2712646117860224
2022-03-16,0.2704400478141617
2022-03-17,0.2697104863177059
2022-03-18,0.2690841405153509
2022-03-19,0.2682382393572602
2022-03-20,0.2671856597639965
2022-03-21,0.2659254188604768
2022-03-22,0.2647127121414735
2022-03-23,0.2638572146148737
2022-03-24,0.26309178643689
2022-03-25,0.2620314733487921
2022-03-26,0.2608350107110911
2022-03-27,0.2599227855142002
2022-03-28,0.2590575481488396
2022-03-29,0.258051607602867
2022-03-30,0.2568610951682318
2022-03-31,0.2556156897292867
2022-04-01,0.2546275610247717
2022-04-02,0.2536110748645471
2022-04-03,0.2523047938427983
2022-04-04,0.2510589907541338
2022-04-05,0.2498948080854178
2022-04-06,0.2486526732926809
2022-04-07,0.2476356657541508
2022-04-08,0.2466320034234047
2022-04-09,0.2457751615440072
2022-04-10,0.2448649732116841
2022-04-11,0.2438240303223509
2022-04-12,0.2431334398206633
2022-04-13,0.2425117598317126
2022-04-14,0.242484370013467
2022-04-15,0.2420103702412109
2022-04-16,0.2410185906188588
2022-04-17,0.2400528054599198
2022-04-18,0.2390377136622508
2022-04-19,0.2381507645521269
2022-04-20,0.2372929428769564
2022-04-21,0.2366559658148051
2022-04-22,0.2363886140356517
2022-04-23,0.2355868533114699
2022-04-24,0.2344718085953608
2022-04-25,0.2335592646197794
2022-04-26,0.2327872924949489
2022-04-27,0.2320755648968348
2022-04-28,0.2316681354257864
2022-04-29,0.2320152475113867
2022-04-30,0.2327844040392154
2022-05-01,0.2333702707939697
2022-05-02,0.2334356088808484
2022-05-03,0.2338592967217299
2022-05-04,0.2350514006271802
2022-05-05,0.2361437590388629
2022-05-06,0.235442772297371
2022-05-07,0.2352006641595341
2022-05-08,0.2353242533790892
2022-05-09,0.2353659099172858
2022-05-10,0.2357465730044556
2022-05-11,0.2358072127326982
2022-05-12,0.2359055357242511
2022-05-13,0.2365468769206201
2022-05-14,0.2358756078786607
2022-05-15,0.2349969017029203
2022-05-16,0.2354260508759713
2022-05-17,0.237378442482169
2022-05-18,0.237190562744342
2022-05-19,0.2364497684139691
2022-05-20,0.2359873677933111
2022-05-21,0.2363654791415996
2022-05-22,0.2372122799685633
2022-05-23,0.2414232195987407
2022-05-24,0.2494448506348706
2022-05-25,0.2474374414518091
2022-05-26,0.2455470419006162
2022-05-27,0.2443661393089535
2022-05-28,0.2438116844200725
2022-05-29,0.2432856122788151
2022-05-30,0.2418669377334706
2022-05-31,0.2402105266941785
2022-06-01,0.2386742797713507
2022-06-02,0.2369376101817386
2022-06-03,0.2352699692777213
2022-06-04,0.2338264025929078
2022-06-05,0.2323071017466157
2022-06-06,0.2307330764252236
2022-06-07,0.2293820434284368
2022-06-08,0.2279708458759146
2022-06-09,0.226909634771499
2022-06-10,0.2262647757164041
2022-06-11,0.2259869587970888
2022-06-12,0.2258126843467627
2022-06-13,0.2247560347344194
2022-06-14,0.2236391332423171
2022-06-15,0.2238448984865349
2022-06-16,0.2257177568115279
2022-06-17,0.2263481676856339
2022-06-18,0.2284832423415939
2022-06-19,0.2305736870174777
2022-06-20,0.2314763322085314
2022-06-21,0.230997872706713
2022-06-22,0.2296252329149421
2022-06-23,0.2279198176561194
2022-06-24,0.2267594895167248
2022-06-25,0.2261164101383811
2022-06-26,0.2265350877346605
2022-06-27,0.2276037929368827
2022-06-28,0.2287223649139134
2022-06-29,0.234232251146997
2022-06-30,0.2505690515645717
2022-07-01,0.2551960065888928
2022-07-02,0.2624013563858677
2022-07-03,0.2685377416720659
2022-07-04,0.2684721732916072
2022-07-05,0.2702297353476044
2022-07-06,0.2781402179436827
2022-07-07,0.2789330156515215
2022-07-08,0.2789418583594462
2022-07-09,0.2883335553927459
2022-07-10,0.2889572774785973
2022-07-11,0.2863136906175568
2022-07-12,0.2862242745594965
2022-07-13,0.2874724058456307
2022-07-14,0.2888593987528186
2022-07-15,0.2878529940066578
2022-07-16,0.2881095730263462
2022-07-17,0.2885476377732944
2022-07-18,0.2867641754796339
2022-07-19,0.2902289612962999
2022-07-20,0.3008792043976407
2022-07-21,0.3036375161904413
2022-07-22,0.3025309999315799
2022-07-23,0.3041938849194247
2022-07-24,0.3036657670861266
2022-07-25,0.3021486705052367
2022-07-26,0.3020976764478185
2022-07-27,0.3063464303905359
2022-07-28,0.3120548894064827
2022-07-29,0.3147431494593592
2022-07-30,0.3200257215388856
2022-07-31,0.3201254538559156
2022-08-01,0.3175289255886203
2022-08-02,0.3161465965232031
2022-08-03,0.3177949920954701
2022-08-04,0.3199255117057638
2022-08-05,0.3201942612231735
2022-08-06,0.3202703397381881
2022-08-07,0.3238094343696948
2022-08-08,0.3231375380461342
2022-08-09,0.3211670340156093
2022-08-10,0.3216775342938323
2022-08-11,0.3307140658393473
2022-08-12,0.3259402214204144
2022-08-13,0.3220755634498556
2022-08-14,0.3252147505144459
2022-08-15,0.3341101041783765
2022-08-16,0.3299126019815613
2022-08-17,0.3257886525845997
2022-08-18,0.3226548732259559
2022-08-19,0.3271150437588455
2022-08-20,0.3387201588909797
2022-08-21,0.3342300455780309
2022-08-22,0.3307560122234073
2022-08-23,0.3287636388909443
2022-08-24,0.3311692886780156
2022-08-25,0.3284921865688335
2022-08-26,0.3250448211702192
2022-08-27,0.3226458320947531
2022-08-28,0.3228802925479079
2022-08-29,0.3245938015773882
2022-08-30,0.32229371853475
2022-08-31,0.3203650737435787
2022-09-01,0.3238371821027445
2022-09-02,0.3283853897008236
2022-09-03,0.324828865185833
2022-09-04,0.3222524132713515
2022-09-05,0.3197752093111127
2022-09-06,0.316930954655901
2022-09-07,0.3142980143128615
2022-09-08,0.3121428604814156
2022-09-09,0.3117633966825039
2022-09-10,0.3143609686311911
2022-09-11,0.3155776024252736
2022-09-12,0.314038632967125
2022-09-13,0.314529293338485
2022-09-14,0.3173611130090673
2022-09-15,0.3257276537516161
2022-09-16,0.3324500667636647
2022-09-17,0.3389878780503977
2022-09-18,0.3363587546557534
2022-09-19,0.3354231528698014
2022-09-20,0.3347847895673961
2022-09-21,0.3398075322432644
2022-09-22,0.3438467717100926
2022-09-23,0.3499565052137554
2022-09-24,0.3604248571391532
2022-09-25,0.3722728014538859
2022-09-26,0.367387760589148
2022-09-27,0.36236723388434
2022-09-28,0.3586861095371031
2022-09-29,0.3553293353922578
2022-09-30,0.3523592001371977
2022-10-01,0.3495984468172441
2022-10-02,0.3466727675591192
2022-10-03,0.3436681849832787
2022-10-04,0.3412113966270228
2022-10-05,0.3393877408360276
2022-10-06,0.3401492068311874
2022-10-07,0.3478390617885437
2022-10-08,0.3625123780565675
2022-10-09,0.3751157148371712
2022-10-10,0.3751915958095057
2022-10-11,0.3725029368474887
2022-10-12,0.3691968183098983
2022-10-13,0.3655570926198531
2022-10-14,0.3622298667578891
2022-10-15,0.3590626863563305
2022-10-16,0.356346197567756
2022-10-17,0.3536941860289879
2022-10-18,0.3512072012866498
2022-10-19,0.3491545487057603
2022-10-20,0.346952208608432
2022-10-21,0.3450003881454728
2022-10-22,0.3427034686209405
2022-10-23,0.3402437428029418
2022-10-24,0.337887599646865
2022-10-25,0.3355644517366936
2022-10-26,0.3334009672823008
2022-10-27,0.3318186065828131
2022-10-28,0.3301163538643293
2022-10-29,0.3286662652764917
2022-10-30,0.3270612568992208
2022-10-31,0.3251888343763595
2022-11-01,0.3236564715906107
2022-11-02,0.3220127235677781
2022-11-03,0.3203090431049502
2022-11-04,0.3191041692500138
2022-11-05,0.3176395151455963
2022-11-06,0.3162922194098082
2022-11-07,0.3151059763495524
2022-11-08,0.3136286225777257
2022-11-09,0.3126673294631518
2022-11-10,0.3115444841329235
2022-11-11,0.310117091696124
2022-11-12,0.3086873076624513
2022-11-13,0.3071038040360003
2022-11-14,0.3063917228653335
2022-11-15,0.3053855923787225
2022-11-16,0.3040494506293911
2022-11-17,0.3031454797175993
2022-11-18,0.3023181380832708
2022-11-19,0.3008537216217268
2022-11-20,0.2997090237071173
2022-11-21,0.2982072000973093
2022-11-22,0.2969785249581211
2022-11-23,0.2958084471051856
2022-11-24,0.294438277442901
2022-11-25,0.2934508029150197
2022-11-26,0.2922096317960353
2022-11-27,0.2911307713614524
2022-11-28,0.2903148558278304
2022-11-29,0.2893547094688834
2022-11-30,0.2884567494942572
2022-12-01,0.2875037676454944
2022-12-02,0.2863177648341277
2022-12-03,0.2855540631262419
2022-12-04,0.2845907549561494
2022-12-05,0.2836131676985799
2022-12-06,0.2827347338646216
2022-12-07,0.2816689657237105
2022-12-08,0.2808502393881306
2022-12-09,0.2799666383198483
2022-12-10,0.2789818473168808
2022-12-11,0.2779670809577003
2022-12-12,0.2768704738814735
2022-12-13,0.2758278103829352
2022-12-14,0.2750179785116099
2022-12-15,0.2742808197518783
2022-12-16,0.2735071790666451
2022-12-17,0.2727957985650048
2022-12-18,0.2721002352632872
2022-12-19,0.2715478765916663
2022-12-20,0.2708614880722217
2022-12-21,0.2700757868233733
2022-12-22,0.2693558121318888
2022-12-23,0.2686395874490579
2022-12-24,0.2679508292639171
2022-12-25,0.2673225251904297
2022-12-26,0.2667043833703468
2022-12-27,0.2660188798689755
2022-12-28,0.2652301225939262
2022-12-29,0.2648232666079121
2022-12-30,0.2646818338955549
2022-12-31,0.2641221098114975
2023-01-01,0.2636055319811544
2023-01-02,0.2631245631051524
2023-01-03,0.2626014313427813
2023-01-04,0.2621152204147542
2023-01-05,0.2614117194779108
2023-01-06,0.2607315599128063
2023-01-07,0.2601180394894095
2023-01-08,0.2593788472729539
2023-01-09,0.2588287198488562
2023-01-10,0.2582140906593118
2023-01-11,0.2576135370816034
2023-01-12,0.2574233693694527
2023-01-13,0.2572562683818373
2023-01-14,0.2569255957881233
2023-01-15,0.2564297503856585
2023-01-16,0.2559126541949282
2023-01-17,0.2553782982487554
2023-01-18,0.254859016651477
2023-01-19,0.2548044382166106
2023-01-20,0.2566620208380046
2023-01-21,0.2561439718848192
2023-01-22,0.2554265512459567
2023-01-23,0.2547224227761279
2023-01-24,0.256758506204067
2023-01-25,0.2578054482284493
2023-01-26,0.2571401640201444
2023-01-27,0.256520200856685
2023-01-28,0.2557778595135026
2023-01-29,0.2558993568044094
2023-01-30,0.2636662771052673
2023-01-31,0.2638916528661392
2023-02-01,0.2627551964603226
2023-02-02,0.2619639180183995
2023-02-03,0.261425958458493
2023-02-04,0.2609250215609771
2023-02-05,0.2603673373137184
2023-02-06,0.2599137822212432
2023-02-07,0.2593371968345409
2023-02-08,0.2585888688211752
2023-02-09,0.2579286604045336
2023-02-10,0.2577946452067983
2023-02-11,0.2577825104476257
2023-02-12,0.2571664555954597
2023-02-13,0.2564547320186437
2023-02-14,0.2558027175967932
2023-02-15,0.2551601273492485
2023-02-16,0.2546277434336758
2023-02-17,0.2541360977737671
2023-02-18,0.2537915717373372
2023-02-19,0.2531400219796839
2023-02-20,0.2524261109632663
2023-02-21,0.2522209860797357
2023-02-22,0.2523829750999361
2023-02-23,0.2515869611387302
2023-02-24,0.2506316087029835
2023-02-25,0.2497375727450828
2023-02-26,0.249222964295851
2023-02-27,0.2488481330455735
2023-02-28,0.2483923508478379
2023-03-01,0.2485321603831466
2023-03-02,0.2477180764608153
2023-03-03,0.2468777074390209
2023-03-04,0.2461081385251466
2023-03-05,0.2453791302833745
2023-03-06,0.2447056158694017
2023-03-07,0.2440661344776776
2023-03-08,0.2441186381337448
2023-03-09,0.2442507699500023
2023-03-10,0.2437179169865805
2023-03-11,0.2431726149046114
2023-03-12,0.2433785332864615
2023-03-13,0.2443940327511747
2023-03-14,0.2451863705149245
2023-03-15,0.2460622022124192
2023-03-16,0.24618085558272
2023-03-17,0.2480194583342841
2023-03-18,0.251516976729467
2023-03-19,0.2520847385710708
2023-03-20,0.2541670728914315
2023-03-21,0.2623907945816724
2023-03-22,0.2621830702501539
2023-03-23,0.260855047015022
2023-03-24,0.2609020781592582
2023-03-25,0.2667023695175997
2023-03-26,0.2659038557283706
2023-03-27,0.2647066275469846
2023-03-28,0.2633987582884849
2023-03-29,0.2623788474953406
2023-03-30,0.2620400855423349
2023-03-31,0.2710941556890384
2023-04-01,0.2754939135995706
2023-04-02,0.2742157193176981
2023-04-03,0.2725924326876039
2023-04-04,0.2721875233254456
2023-04-05,0.2709788085261373
2023-04-06,0.2693146990086072
2023-04-07,0.2674703089020936
2023-04-08,0.2657868699838382
2023-04-09,0.2646791544085219
2023-04-10,0.2635894882248827
2023-04-11,0.2620476058952834
2023-04-12,0.2604777798941797
2023-04-13,0.2590392799214055
2023-04-14,0.2577287204271964
2023-04-15,0.2569682341211853
2023-04-16,0.2561748677885519
2023-04-17,0.2547190537540704
2023-04-18,0.2537390335009976
2023-04-19,0.2546060836397226
2023-04-20,0.2585745567298527
2023-04-21,0.2592144352034733
2023-04-22,0.257800962252888
2023-04-23,0.2565791569222679
2023-04-24,0.2561656555190288
2023-04-25,0.2554894822069221
2023-04-26,0.2549869928733899
2023-04-27,0.2556586645168269
2023-04-28,0.2559744762072489
2023-04-29,0.255673139486706
2023-04-30,0.2583361639226037
2023-05-01,0.26414450763179
2023-05-02,0.2665198630881147
2023-05-03,0.2699192268320119
2023-05-04,0.2704183536298161
2023-05-05,0.2692079844864835
2023-05-06,0.2674649467760826
2023-05-07,0.265432010849831
2023-05-08,0.2643082903067402
2023-05-09,0.2628788814568384
2023-05-10,0.2612713707488033
2023-05-11,0.259501098811974
2023-05-12,0.2577105967535255
2023-05-13,0.256086386610696
2023-05-14,0.2549168418671377
2023-05-15,0.2537522285389219
2023-05-16,0.2522588917557133
2023-05-17,0.2513773506960003
2023-05-18,0.2520491374685087
2023-05-19,0.2504258050995499
2023-05-20,0.249479316842758
2023-05-21,0.248781106536116
2023-05-22,0.2474918278904384
2023-05-23,0.2501570318772728
2023-05-24,0.2581832651650382
2023-05-25,0.260903894448369
2023-05-26,0.2601577308569056
2023-05-27,0.258396860646125
2023-05-28,0.2564684206022539
2023-05-29,0.2557496330356074
2023-05-30,0.256395585217437
2023-05-31,0.2570140041546964
2023-06-01,0.2570052367558548
2023-06-02,0.2558637109282271
2023-06-03,0.2543880552975276
2023-06-04,0.2525289171612337
2023-06-05,0.2529210794225391
2023-06-06,0.2530662477294269
2023-06-07,0.2513384233165194
2023-06-08,0.2496985651210596
2023-06-09,0.2482489558541244
2023-06-10,0.2472326062786393
2023-06-11,0.2463731699101105
2023-06-12,0.2461043927930936
2023-06-13,0.2460699795613737
2023-06-14,0.2455389310828729
2023-06-15,0.2443571112334388
2023-06-16,0.2433514294585817
2023-06-17,0.2429721782152758
2023-06-18,0.2453033416562201
2023-06-19,0.245810285588495
2023-06-20,0.2453533481923035
2023-06-21,0.2451693613785933
2023-06-22,0.2455873838406899
2023-06-23,0.248594292942051
2023-06-24,0.2565687462184494
2023-06-25,0.2753449722087446
2023-06-26,0.2776121496359449
2023-06-27,0.2763486794604544
2023-06-28,0.2771373753744625
2023-06-29,0.2791565770307141
2023-06-30,0.2838232674100824
2023-07-01,0.2846654007815357
2023-07-02,0.283111480414127
2023-07-03,0.2816590878007916
2023-07-04,0.2827292573814113
2023-07-05,0.2852180957498419
2023-07-06,0.2947666180930558
2023-07-07,0.3034863253127692
2023-07-08,0.312550002233841
2023-07-09,0.3265428092977354
2023-07-10,0.331875235739935
2023-07-11,0.3380866916094923
2023-07-12,0.3423983100860837
2023-07-13,0.3491244206439788
2023-07-14,0.3498730618121867
2023-07-15,0.3501600044182915
2023-07-16,0.3501496421135024
2023-07-17,0.3489236376145375
2023-07-18,0.3552172397453653
2023-07-19,0.35597543133897
2023-07-20,0.3535363046041938
2023-07-21,0.3527085953891861
2023-07-22,0.3560806994675674
2023-07-23,0.3545830670733235
2023-07-24,0.3530275172401395
2023-07-25,0.3539539755220768
2023-07-26,0.3563509781332833
2023-07-27,0.3569964367525599
2023-07-28,0.3593878360173467
2023-07-29,0.3608595052320014
2023-07-30,0.3565071723947773
2023-07-31,0.3529125185684932
2023-08-01,0.3519979876503606
2023-08-02,0.3543809341914652
2023-08-03,0.354279515913055
2023-08-04,0.3593916777508832
2023-08-05,0.3584055777765946
2023-08-06,0.3574341892822534
2023-08-07,0.3552208412031226
2023-08-08,0.3552570578835023
2023-08-09,0.3579403830597519
2023-08-10,0.3586982369570338
2023-08-11,0.3577252230090441
2023-08-12,0.3555796120554151
2023-08-13,0.3581876174630475
2023-08-14,0.3635279918910309
2023-08-15,0.3586761770943298
2023-08-16,0.3545362737966537
2023-08-17,0.3530220083527375
2023-08-18,0.3533259193326572
2023-08-19,0.3517875777967667
2023-08-20,0.3485071709457006
2023-08-21,0.348332180449649
2023-08-22,0.3552715839710987
2023-08-23,0.367837198199284
2023-08-24,0.3679168597839693
2023-08-25,0.3635887401478364
2023-08-26,0.3592200808415689
2023-08-27,0.3552455173867516
2023-08-28,0.3516112295650859
2023-08-29,0.348119901270607
2023-08-30,0.3447018860403102
2023-08-31,0.3412677830935364
2023-09-01,0.3379874819414613
2023-09-02,0.33471238117277
2023-09-03,0.3318363871562067
2023-09-04,0.3303428548369065
2023-09-05,0.3287606811452969
2023-09-06,0.3260586124405887
2023-09-07,0.3243496908221781
2023-09-08,0.3251464934325092
2023-09-09,0.3321307048468416
2023-09-10,0.3477677456997983
2023-09-11,0.3500164424732429
2023-09-12,0.3453462701366023
2023-09-13,0.3423328982238985
2023-09-14,0.3442775794124497
2023-09-15,0.3486574894850603
2023-09-16,0.3502349169625485
2023-09-17,0.3502529561822882
2023-09-18,0.3483908182934883
2023-09-19,0.3450170275670126
2023-09-20,0.3424227439508568
2023-09-21,0.3401577249803415
2023-09-22,0.337645713114727
2023-09-23,0.3352865364332092
2023-09-24,0.3327822084881421
2023-09-25,0.330235051494805
2023-09-26,0.3275120496055778
2023-09-27,0.3246404099228196
2023-09-28,0.3220119501470991
2023-09-29,0.3193884889572885
2023-09-30,0.3171375945362425
2023-10-01,0.3149377864733556
2023-10-02,0.3133367943228284
2023-10-03,0.3118705954005077
2023-10-04,0.3096669654037904
2023-10-05,0.3075110047485239
2023-10-06,0.3057553885044162
2023-10-07,0.3038184350264164
2023-10-08,0.3018009031859559
2023-10-09,0.2995883528302647
2023-10-10,0.297701354167115
2023-10-11,0.2955889254772645
2023-10-12,0.2934852889938007
2023-10-13,0.2914471037484631
2023-10-14,0.2896300846939389
2023-10-15,0.2881577908745158
2023-10-16,0.2938157966490151
2023-10-17,0.2960581410152812
2023-10-18,0.2939211362383824
2023-10-19,0.2917807166201177
2023-10-20,0.2900359556118377
2023-10-21,0.2883489015019133
2023-10-22,0.2866487244765604
2023-10-23,0.2851042082585478
2023-10-24,0.2833681681185532
2023-10-25,0.2817038704301272
2023-10-26,0.2801181450936816
2023-10-27,0.2785370796972248
2023-10-28,0.2771287173011291
2023-10-29,0.2758684783252023
2023-10-30,0.2745381648294922
2023-10-31,0.2731211954980551
2023-11-01,0.2716483478993431
2023-11-02,0.2701843349914027
2023-11-03,0.268952102152971
2023-11-04,0.2677222779384798
2023-11-05,0.2664970384265932
2023-11-06,0.2653008079255597
2023-11-07,0.2640639222515514
2023-11-08,0.262921983759774
2023-11-09,0.2618191531171753
2023-11-10,0.2614575661292487
2023-11-11,0.2612629732715568
2023-11-12,0.26028242983869
2023-11-13,0.2592265918789161
2023-11-14,0.2583157225128639
2023-11-15,0.2572627529775814
2023-11-16,0.2563003817250907
2023-11-17,0.2552312696799436
2023-11-18,0.2542281099605651
2023-11-19,0.2533813775961878
2023-11-20,0.2524951720383161
2023-11-21,0.2515075729416863
2023-11-22,0.2505517849278191
2023-11-23,0.2498098626640426
2023-11-24,0.2490777155712663
2023-11-25,0.2482353250781571
2023-11-26,0.2475621683538695
2023-11-27,0.2474482780932869
2023-11-28,0.2474310157892159
2023-11-29,0.2466863929961179
2023-11-30,0.2460927775576951
2023-12-01,0.2454656409572231
2023-12-02,0.2447824231197565
2023-12-03,0.244060506157202
2023-12-04,0.2443413487715891
2023-12-05,0.2437615516494818
2023-12-06,0.2430333158246403
2023-12-07,0.2424166163507184
2023-12-08,0.2417687074929245
2023-12-09,0.2410856609815853
2023-12-10,0.2404728256227284
2023-12-11,0.2398441512514073
2023-12-12,0.2393751829466932
2023-12-13,0.2389491782978459
2023-12-14,0.2383668793836629
2023-12-15,0.2378588031349292
2023-12-16,0.2373014120113268
2023-12-17,0.2367371078777609
2023-12-18,0.2362323901349951
2023-12-19,0.2356763855632294
2023-12-20,0.2351258104791146
2023-12-21,0.2346476458561284
2023-12-22,0.2341232773817978
2023-12-23,0.2338546662733894
2023-12-24,0.2334531736647142
2023-12-25,0.2329550978359494
2023-12-26,0.232512705870122
2023-12-27,0.2319481835065297
2023-12-28,0.2315456769980282
2023-12-29,0.2313200429893966
2023-12-30,0.2309900416088958
2023-12-31,0.2305336819220069
