system:index,date,soil_moisture_rootzone,soil_moisture_surface,.geo
0,2020-01-01,0.2661054251686143,0.23746676401709452,"{""type"":""MultiPoint"",""coordinates"":[]}"
1,2020-01-02,0.2676085431297535,0.2503874250235051,"{""type"":""MultiPoint"",""coordinates"":[]}"
2,2020-01-03,0.26845774351543017,0.2501789806809019,"{""type"":""MultiPoint"",""coordinates"":[]}"
3,2020-01-04,0.26812138415154985,0.24864802431669067,"{""type"":""MultiPoint"",""coordinates"":[]}"
4,2020-01-05,0.2676821183032411,0.24433962325049322,"{""type"":""MultiPoint"",""coordinates"":[]}"
5,2020-01-06,0.26813671458365196,0.2535187606568238,"{""type"":""MultiPoint"",""coordinates"":[]}"
6,2020-01-07,0.27200538888303566,0.2750920925591362,"{""type"":""MultiPoint"",""coordinates"":[]}"
7,2020-01-08,0.27544833092368326,0.2813168145062555,"{""type"":""MultiPoint"",""coordinates"":[]}"
8,2020-01-09,0.2769324876437584,0.27195489272920065,"{""type"":""MultiPoint"",""coordinates"":[]}"
9,2020-01-10,0.2758775261713461,0.26113896271002257,"{""type"":""MultiPoint"",""coordinates"":[]}"
10,2020-01-11,0.2753631108095867,0.25802704445431957,"{""type"":""MultiPoint"",""coordinates"":[]}"
11,2020-01-12,0.2751233074065646,0.2548910660781386,"{""type"":""MultiPoint"",""coordinates"":[]}"
12,2020-01-13,0.27667351660126555,0.2635220190671091,"{""type"":""MultiPoint"",""coordinates"":[]}"
13,2020-01-14,0.2787015599145286,0.2651100279489926,"{""type"":""MultiPoint"",""coordinates"":[]}"
14,2020-01-15,0.2780829296501047,0.25928393183838494,"{""type"":""MultiPoint"",""coordinates"":[]}"
15,2020-01-16,0.27892852067385565,0.2723825391639566,"{""type"":""MultiPoint"",""coordinates"":[]}"
16,2020-01-17,0.2830052601807681,0.2832901019723138,"{""type"":""MultiPoint"",""coordinates"":[]}"
17,2020-01-18,0.2825129425601942,0.2751480277650974,"{""type"":""MultiPoint"",""coordinates"":[]}"
18,2020-01-19,0.2817621352556839,0.26598157443069015,"{""type"":""MultiPoint"",""coordinates"":[]}"
19,2020-01-20,0.2809582222518082,0.26107003257754907,"{""type"":""MultiPoint"",""coordinates"":[]}"
20,2020-01-21,0.28098561949212536,0.2647640210351094,"{""type"":""MultiPoint"",""coordinates"":[]}"
21,2020-01-22,0.2803883754584452,0.25996251624951655,"{""type"":""MultiPoint"",""coordinates"":[]}"
22,2020-01-23,0.27950726110034063,0.2533112640328602,"{""type"":""MultiPoint"",""coordinates"":[]}"
23,2020-01-24,0.2787519810804892,0.25013569963939375,"{""type"":""MultiPoint"",""coordinates"":[]}"
24,2020-01-25,0.27821218956585014,0.2495598174603226,"{""type"":""MultiPoint"",""coordinates"":[]}"
25,2020-01-26,0.27772662895205924,0.24888151271090675,"{""type"":""MultiPoint"",""coordinates"":[]}"
26,2020-01-27,0.27741452464202787,0.2519200362141787,"{""type"":""MultiPoint"",""coordinates"":[]}"
27,2020-01-28,0.28209715973029603,0.2876091784031879,"{""type"":""MultiPoint"",""coordinates"":[]}"
28,2020-01-29,0.28830345672356966,0.2913821832197926,"{""type"":""MultiPoint"",""coordinates"":[]}"
29,2020-01-30,0.2873072634719648,0.2742580839440118,"{""type"":""MultiPoint"",""coordinates"":[]}"
30,2020-01-31,0.28604294704108657,0.26537958938006784,"{""type"":""MultiPoint"",""coordinates"":[]}"
31,2020-02-01,0.28527171694498216,0.2628459077344102,"{""type"":""MultiPoint"",""coordinates"":[]}"
32,2020-02-02,0.2845164184135528,0.25947857993277307,"{""type"":""MultiPoint"",""coordinates"":[]}"
33,2020-02-03,0.28367724183474063,0.2556460442855155,"{""type"":""MultiPoint"",""coordinates"":[]}"
34,2020-02-04,0.2829814416151968,0.2538755500676887,"{""type"":""MultiPoint"",""coordinates"":[]}"
35,2020-02-05,0.2822494926439121,0.25210136303062647,"{""type"":""MultiPoint"",""coordinates"":[]}"
36,2020-02-06,0.28155656328666023,0.25067359368015196,"{""type"":""MultiPoint"",""coordinates"":[]}"
37,2020-02-07,0.2810642350919852,0.2512728964230287,"{""type"":""MultiPoint"",""coordinates"":[]}"
38,2020-02-08,0.2803777983597275,0.24873200701555906,"{""type"":""MultiPoint"",""coordinates"":[]}"
39,2020-02-09,0.2794881325655781,0.2454492954436487,"{""type"":""MultiPoint"",""coordinates"":[]}"
40,2020-02-10,0.2786986323388105,0.24389835944554483,"{""type"":""MultiPoint"",""coordinates"":[]}"
41,2020-02-11,0.27798797495263716,0.24319036636157326,"{""type"":""MultiPoint"",""coordinates"":[]}"
42,2020-02-12,0.27728121332972183,0.2410651247278715,"{""type"":""MultiPoint"",""coordinates"":[]}"
43,2020-02-13,0.27661925392132136,0.2397884531976192,"{""type"":""MultiPoint"",""coordinates"":[]}"
44,2020-02-14,0.2757057019278194,0.23719086633621386,"{""type"":""MultiPoint"",""coordinates"":[]}"
45,2020-02-15,0.27484429935812177,0.2354487303245021,"{""type"":""MultiPoint"",""coordinates"":[]}"
46,2020-02-16,0.2740915393342034,0.2350211913714282,"{""type"":""MultiPoint"",""coordinates"":[]}"
47,2020-02-17,0.27319298605243225,0.23295372710292758,"{""type"":""MultiPoint"",""coordinates"":[]}"
48,2020-02-18,0.27217358561828026,0.23013189960512934,"{""type"":""MultiPoint"",""coordinates"":[]}"
49,2020-02-19,0.2715037568553545,0.23158543676365298,"{""type"":""MultiPoint"",""coordinates"":[]}"
50,2020-02-20,0.271352300114876,0.23966243406462498,"{""type"":""MultiPoint"",""coordinates"":[]}"
51,2020-02-21,0.27969607916500405,0.2872830133246972,"{""type"":""MultiPoint"",""coordinates"":[]}"
52,2020-02-22,0.27962910037626726,0.26798749350035833,"{""type"":""MultiPoint"",""coordinates"":[]}"
53,2020-02-23,0.2788303426032187,0.2647141728032845,"{""type"":""MultiPoint"",""coordinates"":[]}"
54,2020-02-24,0.27866940145889163,0.26028418791751157,"{""type"":""MultiPoint"",""coordinates"":[]}"
55,2020-02-25,0.27833269595688204,0.2610011377166335,"{""type"":""MultiPoint"",""coordinates"":[]}"
56,2020-02-26,0.2779297633863779,0.2568187149951883,"{""type"":""MultiPoint"",""coordinates"":[]}"
57,2020-02-27,0.2771237051573867,0.2517521342842224,"{""type"":""MultiPoint"",""coordinates"":[]}"
58,2020-02-28,0.27647512908907873,0.24883670642636724,"{""type"":""MultiPoint"",""coordinates"":[]}"
59,2020-02-29,0.2777778602449055,0.26412554304597663,"{""type"":""MultiPoint"",""coordinates"":[]}"
60,2020-03-01,0.2788691756396201,0.2643907873466848,"{""type"":""MultiPoint"",""coordinates"":[]}"
61,2020-03-02,0.27765086916896786,0.25259049513737347,"{""type"":""MultiPoint"",""coordinates"":[]}"
62,2020-03-03,0.2763237345591748,0.24369802735760507,"{""type"":""MultiPoint"",""coordinates"":[]}"
63,2020-03-04,0.27537410256748573,0.24206236016755447,"{""type"":""MultiPoint"",""coordinates"":[]}"
64,2020-03-05,0.2761977749297094,0.25993803231907453,"{""type"":""MultiPoint"",""coordinates"":[]}"
65,2020-03-06,0.2820833827418771,0.29353131734699717,"{""type"":""MultiPoint"",""coordinates"":[]}"
66,2020-03-07,0.28789617018138675,0.28631964829332335,"{""type"":""MultiPoint"",""coordinates"":[]}"
67,2020-03-08,0.2856147050892297,0.26780435311044926,"{""type"":""MultiPoint"",""coordinates"":[]}"
68,2020-03-09,0.2836704169545762,0.25539338686891644,"{""type"":""MultiPoint"",""coordinates"":[]}"
69,2020-03-10,0.28218000399074544,0.24984171336248812,"{""type"":""MultiPoint"",""coordinates"":[]}"
70,2020-03-11,0.2831906731160255,0.26854218946500236,"{""type"":""MultiPoint"",""coordinates"":[]}"
71,2020-03-12,0.28646622233875413,0.27174896869930926,"{""type"":""MultiPoint"",""coordinates"":[]}"
72,2020-03-13,0.291531545848586,0.2887704112535392,"{""type"":""MultiPoint"",""coordinates"":[]}"
73,2020-03-14,0.2926200436784983,0.2856090291689127,"{""type"":""MultiPoint"",""coordinates"":[]}"
74,2020-03-15,0.2931109320748453,0.2791738307352138,"{""type"":""MultiPoint"",""coordinates"":[]}"
75,2020-03-16,0.29112900501846545,0.265492244516476,"{""type"":""MultiPoint"",""coordinates"":[]}"
76,2020-03-17,0.2894354731979686,0.2558350656451398,"{""type"":""MultiPoint"",""coordinates"":[]}"
77,2020-03-18,0.2881093276042719,0.2519887548252632,"{""type"":""MultiPoint"",""coordinates"":[]}"
78,2020-03-19,0.2872626588029412,0.2515508789301609,"{""type"":""MultiPoint"",""coordinates"":[]}"
79,2020-03-20,0.28634942792651835,0.25030587992232245,"{""type"":""MultiPoint"",""coordinates"":[]}"
80,2020-03-21,0.2857345852361711,0.2527107137282597,"{""type"":""MultiPoint"",""coordinates"":[]}"
81,2020-03-22,0.2855072684846347,0.2538368263247369,"{""type"":""MultiPoint"",""coordinates"":[]}"
82,2020-03-23,0.284159437187812,0.24432231198522067,"{""type"":""MultiPoint"",""coordinates"":[]}"
83,2020-03-24,0.28347029886739705,0.24591918529071416,"{""type"":""MultiPoint"",""coordinates"":[]}"
84,2020-03-25,0.28327437519188114,0.2460109348407622,"{""type"":""MultiPoint"",""coordinates"":[]}"
85,2020-03-26,0.2821697460597919,0.2411983710120988,"{""type"":""MultiPoint"",""coordinates"":[]}"
86,2020-03-27,0.28596167526226385,0.2750042978576107,"{""type"":""MultiPoint"",""coordinates"":[]}"
87,2020-03-28,0.2856555481869692,0.2583817083634481,"{""type"":""MultiPoint"",""coordinates"":[]}"
88,2020-03-29,0.283579802065111,0.2441012397373103,"{""type"":""MultiPoint"",""coordinates"":[]}"
89,2020-03-30,0.2819309751834879,0.23670955091003715,"{""type"":""MultiPoint"",""coordinates"":[]}"
90,2020-03-31,0.2807383377380444,0.23469390745091376,"{""type"":""MultiPoint"",""coordinates"":[]}"
91,2020-04-01,0.2800347764329759,0.23563634309258516,"{""type"":""MultiPoint"",""coordinates"":[]}"
92,2020-04-02,0.27845554163906394,0.22914233234767964,"{""type"":""MultiPoint"",""coordinates"":[]}"
93,2020-04-03,0.2769180493834368,0.2245905208218992,"{""type"":""MultiPoint"",""coordinates"":[]}"
94,2020-04-04,0.2754091236814473,0.22170462157738355,"{""type"":""MultiPoint"",""coordinates"":[]}"
95,2020-04-05,0.27400007453875375,0.21900256119320533,"{""type"":""MultiPoint"",""coordinates"":[]}"
96,2020-04-06,0.2725740599426542,0.21677660985508362,"{""type"":""MultiPoint"",""coordinates"":[]}"
97,2020-04-07,0.27110472889645226,0.21413471806320136,"{""type"":""MultiPoint"",""coordinates"":[]}"
98,2020-04-08,0.2700689176850223,0.21673068722903238,"{""type"":""MultiPoint"",""coordinates"":[]}"
99,2020-04-09,0.2690392051210441,0.21604174342078583,"{""type"":""MultiPoint"",""coordinates"":[]}"
100,2020-04-10,0.26820399560772784,0.21757554454252884,"{""type"":""MultiPoint"",""coordinates"":[]}"
101,2020-04-11,0.2674183252907991,0.21603568646781562,"{""type"":""MultiPoint"",""coordinates"":[]}"
102,2020-04-12,0.2662530186256434,0.21152609812453335,"{""type"":""MultiPoint"",""coordinates"":[]}"
103,2020-04-13,0.2652796474016891,0.20977476899103267,"{""type"":""MultiPoint"",""coordinates"":[]}"
104,2020-04-14,0.26638727961110004,0.22763222546612186,"{""type"":""MultiPoint"",""coordinates"":[]}"
105,2020-04-15,0.26700528976824445,0.23015109767502842,"{""type"":""MultiPoint"",""coordinates"":[]}"
106,2020-04-16,0.26571895743537904,0.219164785123848,"{""type"":""MultiPoint"",""coordinates"":[]}"
107,2020-04-17,0.26535943846190263,0.22546196865564908,"{""type"":""MultiPoint"",""coordinates"":[]}"
108,2020-04-18,0.26600782488394714,0.23764590373059666,"{""type"":""MultiPoint"",""coordinates"":[]}"
109,2020-04-19,0.2650920014232126,0.22978356963777197,"{""type"":""MultiPoint"",""coordinates"":[]}"
110,2020-04-20,0.2641605367419766,0.22605289694447253,"{""type"":""MultiPoint"",""coordinates"":[]}"
111,2020-04-21,0.2639116840858475,0.22727047596250372,"{""type"":""MultiPoint"",""coordinates"":[]}"
112,2020-04-22,0.26318545162469553,0.22139491224749366,"{""type"":""MultiPoint"",""coordinates"":[]}"
113,2020-04-23,0.26236839992070765,0.2198539446598058,"{""type"":""MultiPoint"",""coordinates"":[]}"
114,2020-04-24,0.2615661843233988,0.2159931855645401,"{""type"":""MultiPoint"",""coordinates"":[]}"
115,2020-04-25,0.26155543857581304,0.22128820403307867,"{""type"":""MultiPoint"",""coordinates"":[]}"
116,2020-04-26,0.26470513345727137,0.2575887338642788,"{""type"":""MultiPoint"",""coordinates"":[]}"
117,2020-04-27,0.2685184867978185,0.2642257090003588,"{""type"":""MultiPoint"",""coordinates"":[]}"
118,2020-04-28,0.2684606571628129,0.2478149343216913,"{""type"":""MultiPoint"",""coordinates"":[]}"
119,2020-04-29,0.2678998180382215,0.24490758594690032,"{""type"":""MultiPoint"",""coordinates"":[]}"
120,2020-04-30,0.2697979260539414,0.2595472905179296,"{""type"":""MultiPoint"",""coordinates"":[]}"
121,2020-05-01,0.27137016083953297,0.2538925204725406,"{""type"":""MultiPoint"",""coordinates"":[]}"
122,2020-05-02,0.2712013858259705,0.2514990792592475,"{""type"":""MultiPoint"",""coordinates"":[]}"
123,2020-05-03,0.27378474532303454,0.26923970545617065,"{""type"":""MultiPoint"",""coordinates"":[]}"
124,2020-05-04,0.27593536908659,0.262695132988277,"{""type"":""MultiPoint"",""coordinates"":[]}"
125,2020-05-05,0.27509127281958806,0.25532525365274367,"{""type"":""MultiPoint"",""coordinates"":[]}"
126,2020-05-06,0.2750725291114719,0.25611683172328026,"{""type"":""MultiPoint"",""coordinates"":[]}"
127,2020-05-07,0.27617584822669305,0.25889915473615166,"{""type"":""MultiPoint"",""coordinates"":[]}"
128,2020-05-08,0.2739801454439091,0.23757351063429794,"{""type"":""MultiPoint"",""coordinates"":[]}"
129,2020-05-09,0.2732682290451463,0.2374535207613599,"{""type"":""MultiPoint"",""coordinates"":[]}"
130,2020-05-10,0.27570215170911366,0.26512115341338977,"{""type"":""MultiPoint"",""coordinates"":[]}"
131,2020-05-11,0.27851959694391465,0.26380028010144774,"{""type"":""MultiPoint"",""coordinates"":[]}"
132,2020-05-12,0.2772292671641636,0.2543784815055951,"{""type"":""MultiPoint"",""coordinates"":[]}"
133,2020-05-13,0.27608265179508745,0.24828396399732863,"{""type"":""MultiPoint"",""coordinates"":[]}"
134,2020-05-14,0.27491664245352154,0.240255798725376,"{""type"":""MultiPoint"",""coordinates"":[]}"
135,2020-05-15,0.27294599074233356,0.22619363847680343,"{""type"":""MultiPoint"",""coordinates"":[]}"
136,2020-05-16,0.2704252009917447,0.21133369760274454,"{""type"":""MultiPoint"",""coordinates"":[]}"
137,2020-05-17,0.2681130925915699,0.2026805205363121,"{""type"":""MultiPoint"",""coordinates"":[]}"
138,2020-05-18,0.26590975953235063,0.19653273086319048,"{""type"":""MultiPoint"",""coordinates"":[]}"
139,2020-05-19,0.26383500231968043,0.1930033231535525,"{""type"":""MultiPoint"",""coordinates"":[]}"
140,2020-05-20,0.261823722987335,0.18777120547132217,"{""type"":""MultiPoint"",""coordinates"":[]}"
141,2020-05-21,0.260090083757504,0.18542880618285804,"{""type"":""MultiPoint"",""coordinates"":[]}"
142,2020-05-22,0.2584130890342622,0.18342800199851575,"{""type"":""MultiPoint"",""coordinates"":[]}"
143,2020-05-23,0.25687604535272807,0.18246169609454516,"{""type"":""MultiPoint"",""coordinates"":[]}"
144,2020-05-24,0.2556846816127838,0.18446979366914906,"{""type"":""MultiPoint"",""coordinates"":[]}"
145,2020-05-25,0.25437242949859007,0.18344885182641454,"{""type"":""MultiPoint"",""coordinates"":[]}"
146,2020-05-26,0.2534670465198884,0.1879588218948285,"{""type"":""MultiPoint"",""coordinates"":[]}"
147,2020-05-27,0.25347794800424983,0.19882616579301524,"{""type"":""MultiPoint"",""coordinates"":[]}"
148,2020-05-28,0.2542411085462205,0.215479204101328,"{""type"":""MultiPoint"",""coordinates"":[]}"
149,2020-05-29,0.2557591627945566,0.23173315430883887,"{""type"":""MultiPoint"",""coordinates"":[]}"
150,2020-05-30,0.2564744968679498,0.23651813233832267,"{""type"":""MultiPoint"",""coordinates"":[]}"
151,2020-05-31,0.25870568408899963,0.2521736547205213,"{""type"":""MultiPoint"",""coordinates"":[]}"
152,2020-06-01,0.2618102953416924,0.2546275981486179,"{""type"":""MultiPoint"",""coordinates"":[]}"
153,2020-06-02,0.2604985780933009,0.2331883392648161,"{""type"":""MultiPoint"",""coordinates"":[]}"
154,2020-06-03,0.25893760165499596,0.2218764014512002,"{""type"":""MultiPoint"",""coordinates"":[]}"
155,2020-06-04,0.2605363734509253,0.2430747460732909,"{""type"":""MultiPoint"",""coordinates"":[]}"
156,2020-06-05,0.26522893372487266,0.2566473141691873,"{""type"":""MultiPoint"",""coordinates"":[]}"
157,2020-06-06,0.26492248290317105,0.24389723808382802,"{""type"":""MultiPoint"",""coordinates"":[]}"
158,2020-06-07,0.2636904539744891,0.23135480804136174,"{""type"":""MultiPoint"",""coordinates"":[]}"
159,2020-06-08,0.26218731295302955,0.22240733198288465,"{""type"":""MultiPoint"",""coordinates"":[]}"
160,2020-06-09,0.2607616003115518,0.21495284332272935,"{""type"":""MultiPoint"",""coordinates"":[]}"
161,2020-06-10,0.25998589594014926,0.2149972224968237,"{""type"":""MultiPoint"",""coordinates"":[]}"
162,2020-06-11,0.25918300177630094,0.21275573847383433,"{""type"":""MultiPoint"",""coordinates"":[]}"
163,2020-06-12,0.25828981337125895,0.21338965623747125,"{""type"":""MultiPoint"",""coordinates"":[]}"
164,2020-06-13,0.2581906135937104,0.22204628692602957,"{""type"":""MultiPoint"",""coordinates"":[]}"
165,2020-06-14,0.25882572452500824,0.22889937232413213,"{""type"":""MultiPoint"",""coordinates"":[]}"
166,2020-06-15,0.25735293052185293,0.2174110633883763,"{""type"":""MultiPoint"",""coordinates"":[]}"
167,2020-06-16,0.25589789422238873,0.21076983769308386,"{""type"":""MultiPoint"",""coordinates"":[]}"
168,2020-06-17,0.2549489698232317,0.21111511223160775,"{""type"":""MultiPoint"",""coordinates"":[]}"
169,2020-06-18,0.253927008369677,0.20786219894365063,"{""type"":""MultiPoint"",""coordinates"":[]}"
170,2020-06-19,0.2524826502465159,0.20142734742033597,"{""type"":""MultiPoint"",""coordinates"":[]}"
171,2020-06-20,0.25185853173739864,0.208931303450518,"{""type"":""MultiPoint"",""coordinates"":[]}"
172,2020-06-21,0.2526054190418817,0.2211598517625843,"{""type"":""MultiPoint"",""coordinates"":[]}"
173,2020-06-22,0.2516041766892276,0.21437070155205773,"{""type"":""MultiPoint"",""coordinates"":[]}"
174,2020-06-23,0.2539975273300649,0.23281811564401908,"{""type"":""MultiPoint"",""coordinates"":[]}"
175,2020-06-24,0.2588965220347508,0.24657987927450548,"{""type"":""MultiPoint"",""coordinates"":[]}"
176,2020-06-25,0.2604116413735786,0.24549008741790634,"{""type"":""MultiPoint"",""coordinates"":[]}"
177,2020-06-26,0.2592223290045822,0.22882236063610067,"{""type"":""MultiPoint"",""coordinates"":[]}"
178,2020-06-27,0.25764726823506956,0.22117268336799795,"{""type"":""MultiPoint"",""coordinates"":[]}"
179,2020-06-28,0.2570107878903971,0.22207037181206996,"{""type"":""MultiPoint"",""coordinates"":[]}"
180,2020-06-29,0.25960871485920584,0.2399644641070583,"{""type"":""MultiPoint"",""coordinates"":[]}"
181,2020-06-30,0.2596230943130768,0.23098630653604557,"{""type"":""MultiPoint"",""coordinates"":[]}"
182,2020-07-01,0.2591325230225347,0.23244751653282275,"{""type"":""MultiPoint"",""coordinates"":[]}"
183,2020-07-02,0.26272950926064564,0.25144570730470817,"{""type"":""MultiPoint"",""coordinates"":[]}"
184,2020-07-03,0.26575000075649274,0.2612383081514802,"{""type"":""MultiPoint"",""coordinates"":[]}"
185,2020-07-04,0.2763904831915104,0.29373058518355716,"{""type"":""MultiPoint"",""coordinates"":[]}"
186,2020-07-05,0.28805637918769733,0.2988017282620821,"{""type"":""MultiPoint"",""coordinates"":[]}"
187,2020-07-06,0.2892868098373725,0.2825446523391742,"{""type"":""MultiPoint"",""coordinates"":[]}"
188,2020-07-07,0.2961262504948122,0.3091236458335567,"{""type"":""MultiPoint"",""coordinates"":[]}"
189,2020-07-08,0.30646410649622857,0.3109003701363997,"{""type"":""MultiPoint"",""coordinates"":[]}"
190,2020-07-09,0.3064506326558898,0.30219210831830534,"{""type"":""MultiPoint"",""coordinates"":[]}"
191,2020-07-10,0.306928083855862,0.30477563628060456,"{""type"":""MultiPoint"",""coordinates"":[]}"
192,2020-07-11,0.30876927526678577,0.30028728801342736,"{""type"":""MultiPoint"",""coordinates"":[]}"
193,2020-07-12,0.30970140022307574,0.2993320828283809,"{""type"":""MultiPoint"",""coordinates"":[]}"
194,2020-07-13,0.3081185714775567,0.2793989116808305,"{""type"":""MultiPoint"",""coordinates"":[]}"
195,2020-07-14,0.3045129058605699,0.26777115628713477,"{""type"":""MultiPoint"",""coordinates"":[]}"
196,2020-07-15,0.303012675719789,0.2716652314664143,"{""type"":""MultiPoint"",""coordinates"":[]}"
197,2020-07-16,0.30248940097508376,0.27433695947823217,"{""type"":""MultiPoint"",""coordinates"":[]}"
198,2020-07-17,0.30358963979956377,0.285129451683946,"{""type"":""MultiPoint"",""coordinates"":[]}"
199,2020-07-18,0.3064409558796217,0.3065032433545326,"{""type"":""MultiPoint"",""coordinates"":[]}"
200,2020-07-19,0.3080232822625168,0.2974403251093808,"{""type"":""MultiPoint"",""coordinates"":[]}"
201,2020-07-20,0.3070954998713646,0.2947674945834552,"{""type"":""MultiPoint"",""coordinates"":[]}"
202,2020-07-21,0.3105916555014138,0.31139682671065494,"{""type"":""MultiPoint"",""coordinates"":[]}"
203,2020-07-22,0.31183032100667224,0.30266637919367984,"{""type"":""MultiPoint"",""coordinates"":[]}"
204,2020-07-23,0.310082086853685,0.29538391059059443,"{""type"":""MultiPoint"",""coordinates"":[]}"
205,2020-07-24,0.30889564301875766,0.2905397518025692,"{""type"":""MultiPoint"",""coordinates"":[]}"
206,2020-07-25,0.3087688355128396,0.29386984281503664,"{""type"":""MultiPoint"",""coordinates"":[]}"
207,2020-07-26,0.3086214363635745,0.2944852175010934,"{""type"":""MultiPoint"",""coordinates"":[]}"
208,2020-07-27,0.3093811277375265,0.2984492471106097,"{""type"":""MultiPoint"",""coordinates"":[]}"
209,2020-07-28,0.31275223133648017,0.31134941806629396,"{""type"":""MultiPoint"",""coordinates"":[]}"
210,2020-07-29,0.3172446387426747,0.3125968763936364,"{""type"":""MultiPoint"",""coordinates"":[]}"
211,2020-07-30,0.3175673760816202,0.3135631636097221,"{""type"":""MultiPoint"",""coordinates"":[]}"
212,2020-07-31,0.32156504444200684,0.3264671623024304,"{""type"":""MultiPoint"",""coordinates"":[]}"
213,2020-08-01,0.32156078745426364,0.3171150212620987,"{""type"":""MultiPoint"",""coordinates"":[]}"
214,2020-08-02,0.3195012248498955,0.3010437796512972,"{""type"":""MultiPoint"",""coordinates"":[]}"
215,2020-08-03,0.31705817145012627,0.29388974550489644,"{""type"":""MultiPoint"",""coordinates"":[]}"
216,2020-08-04,0.315769464788588,0.2937754855719166,"{""type"":""MultiPoint"",""coordinates"":[]}"
217,2020-08-05,0.31501396978930063,0.29651977762236803,"{""type"":""MultiPoint"",""coordinates"":[]}"
218,2020-08-06,0.31650543065325426,0.31198891076920715,"{""type"":""MultiPoint"",""coordinates"":[]}"
219,2020-08-07,0.31942993498820915,0.3110517978566214,"{""type"":""MultiPoint"",""coordinates"":[]}"
220,2020-08-08,0.3197805724593007,0.31297184229580843,"{""type"":""MultiPoint"",""coordinates"":[]}"
221,2020-08-09,0.3250530281133069,0.3229560489602394,"{""type"":""MultiPoint"",""coordinates"":[]}"
222,2020-08-10,0.32831289836412203,0.3258106013658531,"{""type"":""MultiPoint"",""coordinates"":[]}"
223,2020-08-11,0.3267852301205272,0.31424714309360663,"{""type"":""MultiPoint"",""coordinates"":[]}"
224,2020-08-12,0.3269897418240604,0.31774361415024227,"{""type"":""MultiPoint"",""coordinates"":[]}"
225,2020-08-13,0.3322333320789027,0.33410038603445796,"{""type"":""MultiPoint"",""coordinates"":[]}"
226,2020-08-14,0.33344832113742057,0.32497610088326717,"{""type"":""MultiPoint"",""coordinates"":[]}"
227,2020-08-15,0.33060985265718784,0.3123167266481767,"{""type"":""MultiPoint"",""coordinates"":[]}"
228,2020-08-16,0.32865140333830095,0.3082155552518449,"{""type"":""MultiPoint"",""coordinates"":[]}"
229,2020-08-17,0.32682246287201533,0.3089660737956218,"{""type"":""MultiPoint"",""coordinates"":[]}"
230,2020-08-18,0.3293026722314385,0.32821221737644024,"{""type"":""MultiPoint"",""coordinates"":[]}"
231,2020-08-19,0.3390082180705156,0.3421657868508121,"{""type"":""MultiPoint"",""coordinates"":[]}"
232,2020-08-20,0.3434502351385428,0.3390694428341843,"{""type"":""MultiPoint"",""coordinates"":[]}"
233,2020-08-21,0.3403093402170595,0.3270997874375977,"{""type"":""MultiPoint"",""coordinates"":[]}"
234,2020-08-22,0.3378596348794619,0.31805916568748877,"{""type"":""MultiPoint"",""coordinates"":[]}"
235,2020-08-23,0.3350702073753686,0.309721476210271,"{""type"":""MultiPoint"",""coordinates"":[]}"
236,2020-08-24,0.3351274809855213,0.3155335381685518,"{""type"":""MultiPoint"",""coordinates"":[]}"
237,2020-08-25,0.3373939153061914,0.3221947846981239,"{""type"":""MultiPoint"",""coordinates"":[]}"
238,2020-08-26,0.3382346105752883,0.329550793168071,"{""type"":""MultiPoint"",""coordinates"":[]}"
239,2020-08-27,0.33755757683693327,0.3201164031530537,"{""type"":""MultiPoint"",""coordinates"":[]}"
240,2020-08-28,0.3376366644822295,0.3299573304428619,"{""type"":""MultiPoint"",""coordinates"":[]}"
241,2020-08-29,0.33557094785812547,0.31899220677814294,"{""type"":""MultiPoint"",""coordinates"":[]}"
242,2020-08-30,0.332608777503414,0.3072095255133187,"{""type"":""MultiPoint"",""coordinates"":[]}"
243,2020-08-31,0.32904446359860345,0.29576475597055957,"{""type"":""MultiPoint"",""coordinates"":[]}"
244,2020-09-01,0.32601579464075414,0.2913064122481523,"{""type"":""MultiPoint"",""coordinates"":[]}"
245,2020-09-02,0.3245288156695873,0.29813777661831525,"{""type"":""MultiPoint"",""coordinates"":[]}"
246,2020-09-03,0.3238788527082436,0.3011213301374943,"{""type"":""MultiPoint"",""coordinates"":[]}"
247,2020-09-04,0.3214085807964513,0.28914845693766383,"{""type"":""MultiPoint"",""coordinates"":[]}"
248,2020-09-05,0.3206091497222764,0.30034414181716673,"{""type"":""MultiPoint"",""coordinates"":[]}"
249,2020-09-06,0.3199928630405108,0.3010995081876478,"{""type"":""MultiPoint"",""coordinates"":[]}"
250,2020-09-07,0.31782267592941327,0.2903143873038196,"{""type"":""MultiPoint"",""coordinates"":[]}"
251,2020-09-08,0.3149051642931248,0.2805269891625489,"{""type"":""MultiPoint"",""coordinates"":[]}"
252,2020-09-09,0.31202225522806454,0.2715401124985593,"{""type"":""MultiPoint"",""coordinates"":[]}"
253,2020-09-10,0.3094420775814241,0.2661985675624338,"{""type"":""MultiPoint"",""coordinates"":[]}"
254,2020-09-11,0.30681612802910807,0.2609514574940138,"{""type"":""MultiPoint"",""coordinates"":[]}"
255,2020-09-12,0.3043202733863147,0.25732100942658415,"{""type"":""MultiPoint"",""coordinates"":[]}"
256,2020-09-13,0.3023592436095937,0.2593544549410637,"{""type"":""MultiPoint"",""coordinates"":[]}"
257,2020-09-14,0.30084010446197273,0.26343715742041907,"{""type"":""MultiPoint"",""coordinates"":[]}"
258,2020-09-15,0.2991468290124993,0.26250807384654523,"{""type"":""MultiPoint"",""coordinates"":[]}"
259,2020-09-16,0.297501132481749,0.26187132074543296,"{""type"":""MultiPoint"",""coordinates"":[]}"
260,2020-09-17,0.29539796392281276,0.2557628913043811,"{""type"":""MultiPoint"",""coordinates"":[]}"
261,2020-09-18,0.2933858961609804,0.2520855825964556,"{""type"":""MultiPoint"",""coordinates"":[]}"
262,2020-09-19,0.29143564296869684,0.24890976278602236,"{""type"":""MultiPoint"",""coordinates"":[]}"
263,2020-09-20,0.2889423215266568,0.2427990533155062,"{""type"":""MultiPoint"",""coordinates"":[]}"
264,2020-09-21,0.28672836800456186,0.24280698376887022,"{""type"":""MultiPoint"",""coordinates"":[]}"
265,2020-09-22,0.2858740969025283,0.25374258668063265,"{""type"":""MultiPoint"",""coordinates"":[]}"
266,2020-09-23,0.28624903626509307,0.26586495132439264,"{""type"":""MultiPoint"",""coordinates"":[]}"
267,2020-09-24,0.28578524581051734,0.2624140100323891,"{""type"":""MultiPoint"",""coordinates"":[]}"
268,2020-09-25,0.2836719774477836,0.2495359132841057,"{""type"":""MultiPoint"",""coordinates"":[]}"
269,2020-09-26,0.28173166024085383,0.24639043360456175,"{""type"":""MultiPoint"",""coordinates"":[]}"
270,2020-09-27,0.2798633032554848,0.24290296922720356,"{""type"":""MultiPoint"",""coordinates"":[]}"
271,2020-09-28,0.27761417746209016,0.23573146658564,"{""type"":""MultiPoint"",""coordinates"":[]}"
272,2020-09-29,0.27547713207876495,0.23130243809485934,"{""type"":""MultiPoint"",""coordinates"":[]}"
273,2020-09-30,0.2733732792514103,0.22699838597290897,"{""type"":""MultiPoint"",""coordinates"":[]}"
274,2020-10-01,0.27149845133719586,0.225806929319224,"{""type"":""MultiPoint"",""coordinates"":[]}"
275,2020-10-02,0.269787095904416,0.22438111403000974,"{""type"":""MultiPoint"",""coordinates"":[]}"
276,2020-10-03,0.26825214330409847,0.2248032928058199,"{""type"":""MultiPoint"",""coordinates"":[]}"
277,2020-10-04,0.266563796934305,0.2215847665340378,"{""type"":""MultiPoint"",""coordinates"":[]}"
278,2020-10-05,0.2646503802752863,0.21717258547035398,"{""type"":""MultiPoint"",""coordinates"":[]}"
279,2020-10-06,0.26318341240172,0.21888917037497982,"{""type"":""MultiPoint"",""coordinates"":[]}"
280,2020-10-07,0.26176947827945657,0.21812946148104517,"{""type"":""MultiPoint"",""coordinates"":[]}"
281,2020-10-08,0.26028618577817475,0.21552496524553544,"{""type"":""MultiPoint"",""coordinates"":[]}"
282,2020-10-09,0.25856421130918866,0.21052737421637324,"{""type"":""MultiPoint"",""coordinates"":[]}"
283,2020-10-10,0.25682679164626654,0.20599451965306875,"{""type"":""MultiPoint"",""coordinates"":[]}"
284,2020-10-11,0.25523039564617106,0.204081763552774,"{""type"":""MultiPoint"",""coordinates"":[]}"
285,2020-10-12,0.2536853570216559,0.20148194179887205,"{""type"":""MultiPoint"",""coordinates"":[]}"
286,2020-10-13,0.2524824413109529,0.20310760929519428,"{""type"":""MultiPoint"",""coordinates"":[]}"
287,2020-10-14,0.2511837796542011,0.2020590767796379,"{""type"":""MultiPoint"",""coordinates"":[]}"
288,2020-10-15,0.24970286356851085,0.19895752356777116,"{""type"":""MultiPoint"",""coordinates"":[]}"
289,2020-10-16,0.2481430509081861,0.19507809251690747,"{""type"":""MultiPoint"",""coordinates"":[]}"
290,2020-10-17,0.2467498430389681,0.19347004083408617,"{""type"":""MultiPoint"",""coordinates"":[]}"
291,2020-10-18,0.24526582696684238,0.18986241983085334,"{""type"":""MultiPoint"",""coordinates"":[]}"
292,2020-10-19,0.24408158172897287,0.1901992923741263,"{""type"":""MultiPoint"",""coordinates"":[]}"
293,2020-10-20,0.24304760106613607,0.19107509679557946,"{""type"":""MultiPoint"",""coordinates"":[]}"
294,2020-10-21,0.24201246603049603,0.19039263598380626,"{""type"":""MultiPoint"",""coordinates"":[]}"
295,2020-10-22,0.24115491570119618,0.1920000148368367,"{""type"":""MultiPoint"",""coordinates"":[]}"
296,2020-10-23,0.2402163527356288,0.19124223675930052,"{""type"":""MultiPoint"",""coordinates"":[]}"
297,2020-10-24,0.23916585307063967,0.18901477947200412,"{""type"":""MultiPoint"",""coordinates"":[]}"
298,2020-10-25,0.23823497117338835,0.18864644222152596,"{""type"":""MultiPoint"",""coordinates"":[]}"
299,2020-10-26,0.23726136944527404,0.18628013832559015,"{""type"":""MultiPoint"",""coordinates"":[]}"
300,2020-10-27,0.23614267352987245,0.1823212368178486,"{""type"":""MultiPoint"",""coordinates"":[]}"
301,2020-10-28,0.23532025322933162,0.18297030448061058,"{""type"":""MultiPoint"",""coordinates"":[]}"
302,2020-10-29,0.23428908006229243,0.18009625327129292,"{""type"":""MultiPoint"",""coordinates"":[]}"
303,2020-10-30,0.2333874932408264,0.17964788244483731,"{""type"":""MultiPoint"",""coordinates"":[]}"
304,2020-10-31,0.23237175323404177,0.17777085106480675,"{""type"":""MultiPoint"",""coordinates"":[]}"
305,2020-11-01,0.23171856814827235,0.18077388430713962,"{""type"":""MultiPoint"",""coordinates"":[]}"
306,2020-11-02,0.23120471169582577,0.18378487135778726,"{""type"":""MultiPoint"",""coordinates"":[]}"
307,2020-11-03,0.23049019660521539,0.18183422303882782,"{""type"":""MultiPoint"",""coordinates"":[]}"
308,2020-11-04,0.22986016759180042,0.18141563140129324,"{""type"":""MultiPoint"",""coordinates"":[]}"
309,2020-11-05,0.22902067932777764,0.17784132827071406,"{""type"":""MultiPoint"",""coordinates"":[]}"
310,2020-11-06,0.22816011388812743,0.17459456410620455,"{""type"":""MultiPoint"",""coordinates"":[]}"
311,2020-11-07,0.22737862477582624,0.17286171312695542,"{""type"":""MultiPoint"",""coordinates"":[]}"
312,2020-11-08,0.22689584502432247,0.17505760483345378,"{""type"":""MultiPoint"",""coordinates"":[]}"
313,2020-11-09,0.22648050903205386,0.1771393092931311,"{""type"":""MultiPoint"",""coordinates"":[]}"
314,2020-11-10,0.2258573374330742,0.17588224224170787,"{""type"":""MultiPoint"",""coordinates"":[]}"
315,2020-11-11,0.22515120348523532,0.1734104017217034,"{""type"":""MultiPoint"",""coordinates"":[]}"
316,2020-11-12,0.2245464868142442,0.17266067794350365,"{""type"":""MultiPoint"",""coordinates"":[]}"
317,2020-11-13,0.22384504646949555,0.17041133283410126,"{""type"":""MultiPoint"",""coordinates"":[]}"
318,2020-11-14,0.2231521466856993,0.16854701733831273,"{""type"":""MultiPoint"",""coordinates"":[]}"
319,2020-11-15,0.2230136908838882,0.17514969838608518,"{""type"":""MultiPoint"",""coordinates"":[]}"
320,2020-11-16,0.22475577486514098,0.19509635064827638,"{""type"":""MultiPoint"",""coordinates"":[]}"
321,2020-11-17,0.2244753526229737,0.18763005545867453,"{""type"":""MultiPoint"",""coordinates"":[]}"
322,2020-11-18,0.2237069471067803,0.1813401947686748,"{""type"":""MultiPoint"",""coordinates"":[]}"
323,2020-11-19,0.22295517435840598,0.17633435634228306,"{""type"":""MultiPoint"",""coordinates"":[]}"
324,2020-11-20,0.22247100576088863,0.17537636034401308,"{""type"":""MultiPoint"",""coordinates"":[]}"
325,2020-11-21,0.22187182146752607,0.17268394543132362,"{""type"":""MultiPoint"",""coordinates"":[]}"
326,2020-11-22,0.22132006442403437,0.17052357142036545,"{""type"":""MultiPoint"",""coordinates"":[]}"
327,2020-11-23,0.2209891329631719,0.1715179397087499,"{""type"":""MultiPoint"",""coordinates"":[]}"
328,2020-11-24,0.22064254921467796,0.17155435827959814,"{""type"":""MultiPoint"",""coordinates"":[]}"
329,2020-11-25,0.22064215199568804,0.17639231946377865,"{""type"":""MultiPoint"",""coordinates"":[]}"
330,2020-11-26,0.22111446866688828,0.18144443068978972,"{""type"":""MultiPoint"",""coordinates"":[]}"
331,2020-11-27,0.22059090977226423,0.17655007068657672,"{""type"":""MultiPoint"",""coordinates"":[]}"
332,2020-11-28,0.2199976104000624,0.17251987024127297,"{""type"":""MultiPoint"",""coordinates"":[]}"
333,2020-11-29,0.21951714051825313,0.17022995467656343,"{""type"":""MultiPoint"",""coordinates"":[]}"
334,2020-11-30,0.21905527981223913,0.1686170212569111,"{""type"":""MultiPoint"",""coordinates"":[]}"
335,2020-12-01,0.2185443490910599,0.16672038390949429,"{""type"":""MultiPoint"",""coordinates"":[]}"
336,2020-12-02,0.21811023184234668,0.16628439637200504,"{""type"":""MultiPoint"",""coordinates"":[]}"
337,2020-12-03,0.21789777412369807,0.16873118469634354,"{""type"":""MultiPoint"",""coordinates"":[]}"
338,2020-12-04,0.21757839132343063,0.1687598109002008,"{""type"":""MultiPoint"",""coordinates"":[]}"
339,2020-12-05,0.21718895421879494,0.16789708780560963,"{""type"":""MultiPoint"",""coordinates"":[]}"
340,2020-12-06,0.21688070178394003,0.16822052082384473,"{""type"":""MultiPoint"",""coordinates"":[]}"
341,2020-12-07,0.21647949119936297,0.16721464658148585,"{""type"":""MultiPoint"",""coordinates"":[]}"
342,2020-12-08,0.21611130141563162,0.16676462371651254,"{""type"":""MultiPoint"",""coordinates"":[]}"
343,2020-12-09,0.21581617606456285,0.16723066568934,"{""type"":""MultiPoint"",""coordinates"":[]}"
344,2020-12-10,0.2154573473315945,0.16697691364948425,"{""type"":""MultiPoint"",""coordinates"":[]}"
345,2020-12-11,0.21510780120696046,0.16695395263106777,"{""type"":""MultiPoint"",""coordinates"":[]}"
346,2020-12-12,0.21717697783438583,0.18986396011798826,"{""type"":""MultiPoint"",""coordinates"":[]}"
347,2020-12-13,0.21707323254793268,0.18407395080237304,"{""type"":""MultiPoint"",""coordinates"":[]}"
348,2020-12-14,0.21667533610252399,0.18015971588699603,"{""type"":""MultiPoint"",""coordinates"":[]}"
349,2020-12-15,0.21621890089387058,0.17635885624183664,"{""type"":""MultiPoint"",""coordinates"":[]}"
350,2020-12-16,0.2158278021036965,0.1734868690242654,"{""type"":""MultiPoint"",""coordinates"":[]}"
351,2020-12-17,0.2155914000531812,0.17337903014701134,"{""type"":""MultiPoint"",""coordinates"":[]}"
352,2020-12-18,0.21517918776578868,0.17034219133718034,"{""type"":""MultiPoint"",""coordinates"":[]}"
353,2020-12-19,0.2150809262946606,0.17222238437178417,"{""type"":""MultiPoint"",""coordinates"":[]}"
354,2020-12-20,0.21477274692979875,0.17106324152495905,"{""type"":""MultiPoint"",""coordinates"":[]}"
355,2020-12-21,0.21438284362304302,0.1687782179411285,"{""type"":""MultiPoint"",""coordinates"":[]}"
356,2020-12-22,0.21418702103064935,0.16969835987655305,"{""type"":""MultiPoint"",""coordinates"":[]}"
357,2020-12-23,0.2137939139852826,0.16745967677355764,"{""type"":""MultiPoint"",""coordinates"":[]}"
358,2020-12-24,0.21340948324641074,0.165511048823831,"{""type"":""MultiPoint"",""coordinates"":[]}"
359,2020-12-25,0.21325941533374423,0.1678698400875668,"{""type"":""MultiPoint"",""coordinates"":[]}"
360,2020-12-26,0.21289293444311047,0.1662028509297652,"{""type"":""MultiPoint"",""coordinates"":[]}"
361,2020-12-27,0.2127413847499328,0.1680556524573931,"{""type"":""MultiPoint"",""coordinates"":[]}"
362,2020-12-28,0.21305747713835968,0.17537288072862145,"{""type"":""MultiPoint"",""coordinates"":[]}"
363,2020-12-29,0.21272499030659056,0.17124865888580842,"{""type"":""MultiPoint"",""coordinates"":[]}"
364,2020-12-30,0.2125440313958925,0.17082631971547058,"{""type"":""MultiPoint"",""coordinates"":[]}"
365,2020-12-31,0.21223818894707658,0.1688924325487374,"{""type"":""MultiPoint"",""coordinates"":[]}"
